식품명|식품상세분류|1회제공량|에너지(㎉)|수분(g)|단백질(g)|지방(g)|탄수화물(g)|총당류(g)|총 식이섬유(g)|칼슘(㎎)|철(㎍)|마그네슘(㎎)|인(㎎)|칼륨(㎎)|나트륨(㎎)|아연(㎎)|구리(㎎)|비타민 D(D2+D3)(㎍)|비타민 K(㎍)|비타민 B1(㎎)|비타민 B2(㎎)|비타민 B12(㎍)|비타민 C(㎎)|총 아미노산(㎎)|필수 아미노산(㎎)|페닐알라닌(㎎)|콜레스테롤(㎎)|총 지방산(g)|총 필수 지방산(g)|총 포화 지방산(g)|총 다중 불포화지방산(g)|오메가 3 지방산(g)|트랜스 지방산(g)|엽산(㎍)|img1|img2|img3
쌀밥|즉석조리식품|210.0|309.0|0.0|2.38|1.48|30.95|0.48|0.0|0.0|0.0|0.0|0.0|0.0|9.52|0.0|0.0|0.0|0.0|0.0|0.0|0.0|0.0|0.0|0.0|0.0|0.0|0.0|0.0|0.62|0.0|0.0|0.0|0.0|food/368/1.jpg|food/368/2.jpg|food/368/3.jpg
오곡밥|쌀밥.잡곡밥류|250.0|388.82|61.3|4.78|0.52|32.93|0.07|2.52|11.03|0.67|24.68|73.57|113.23|45.56|0.8|0.1|0.0|0.0|0.05|0.01|0.0|0.0|0.0|0.0|247.5|0.0|0.0|0.0|0.17|0.0|0.0|0.0|0.0|food/69/1.jpg|food/69/2.jpg|food/69/3.jpg
콩밥|쌀밥.잡곡밥류|200.0|276.32|64.61|2.94|0.16|31.24|0.0|1.9|43.82|335.0|5.14|31.88|69.56|295.03|1.06|0.06|0.0|0.0|0.0|0.0|0.0|0.02|2399.04|0.0|138.23|0.0|0.0|0.0|0.1|0.0|0.0|0.0|0.0|food/45/1.jpg|food/45/2.jpg|food/45/3.jpg
보리밥|쌀밥.잡곡밥류|200.0|321.63|59.86|2.9|0.24|36.77|2.57|2.44|6.9|195.0|7.18|33.9|28.14|3.92|0.76|0.14|0.0|0.0|0.04|0.0|0.0|0.02|2393.98|0.0|142.96|0.0|0.0|0.0|0.1|0.0|0.0|0.0|0.0|food/70/1.jpg|food/70/2.jpg|food/70/3.jpg
영양돌솥밥|기타 밥류|350.0|643.16|57.43|3.43|2.87|36.06|0.63|2.13|8.67|480.0|6.89|31.76|36.15|6.27|1.14|0.12|0.0|0.0|0.03|0.03|0.0|0.0|2814.65|0.0|156.6|0.0|0.0|0.0|0.61|0.0|0.0|0.01|0.0|food/71/1.jpg|food/71/2.jpg|food/71/3.jpg
감자밥|쌀밥.잡곡밥류|260.0|296.7|0.0|2.55|0.55|3.8|0.0|1.23|13.54|0.0|0.0|0.0|0.0|192.12|0.0|0.0|0.0|0.0|0.0|0.0|0.0|22.69|0.0|0.0|0.0|0.0|0.0|0.0|0.0|0.0|0.0|0.0|0.0|food/399/1.jpg|food/399/2.jpg|food/399/3.jpg
곤드레밥|즉석조리식품|262.0|380.0|0.0|2.29|4.2|24.43|0.0|0.0|0.0|0.0|0.0|0.0|0.0|412.21|0.0|0.0|0.0|0.0|0.0|0.0|0.0|0.0|0.0|0.0|0.0|0.0|0.0|0.0|0.53|0.0|0.0|0.0|0.0|food/369/1.jpg|food/369/2.jpg|food/369/3.jpg
김치볶음밥|볶음밥류|330.0|550.64|68.14|5.32|9.18|15.74|13.89|2.83|29.72|696.97|15.52|72.24|167.61|469.64|0.57|0.06|0.0|0.0|0.27|0.1|0.28|4.17|4416.82|0.0|228.46|70.41|0.0|0.0|1.43|0.0|0.0|0.04|0.0|food/72/1.jpg|food/72/2.jpg|food/72/3.jpg
멸치주먹밥|김밥(초밥)류|150.0|312.0|52.07|6.0|4.4|36.2|0.6|2.27|73.31|0.59|35.91|115.09|92.27|330.81|0.94|0.09|0.0|0.0|0.0|0.03|0.03|0.0|0.0|0.0|253.39|28.3|0.0|0.0|0.73|0.0|0.0|0.0|0.0|food/73/1.png|food/73/2.jpg|food/73/3.jpg
볶음밥|볶음밥류|350.0|640.48|56.87|5.56|2.76|33.97|0.0|1.65|13.49|522.86|6.72|61.45|99.4|212.45|1.0|0.09|0.0|0.0|0.12|0.03|0.0|4.13|4648.48|0.0|227.48|29.28|0.0|0.0|1.1|0.0|0.0|0.03|0.0|food/1/1.jpg|food/1/2.jpg|food/1/3.jpg
비빔밥|비빔밥류|450.0|637.54|68.87|6.86|4.32|18.84|0.05|2.0|30.81|1035.56|18.01|79.1|179.79|231.52|2.09|0.1|0.0|0.0|0.34|0.06|0.42|2.02|5712.3|0.0|282.28|42.26|0.0|0.0|0.95|0.0|0.0|0.06|0.0|food/46/1.jpg|food/46/2.jpg|food/46/3.jpg
전주비빔밥|즉석조리식품|300.0|440.0|0.0|3.67|3.33|25.67|2.0|0.0|0.0|0.0|0.0|0.0|0.0|381.67|0.0|0.0|0.0|0.0|0.0|0.0|0.0|0.0|0.0|0.0|0.0|3.0|0.0|0.0|0.5|0.0|0.0|0.0|0.0|food/370/1.jpg|food/370/2.jpg|food/370/3.png
삼선볶음밥|볶음밥류|400.0|686.11|64.39|6.56|6.62|21.44|0.4|2.34|22.58|0.79|11.02|79.4|79.94|303.39|0.65|0.1|0.0|0.0|0.12|0.05|0.0|0.47|0.0|0.0|302.9|81.63|0.0|0.0|1.58|0.0|0.0|0.04|0.0|food/74/1.jpg|food/74/2.jpg|food/74/3.jpg
새우볶음밥|볶음밥류|370.0|635.75|64.11|6.31|6.14|22.85|0.71|1.61|12.19|345.95|7.64|62.29|64.82|145.58|0.59|0.07|0.0|0.0|0.0|0.1|0.24|4.12|5574.54|0.0|283.21|70.72|0.0|0.0|1.19|0.0|0.0|0.03|0.0|food/75/1.jpg|food/75/2.jpg|food/75/3.jpg
알밥|기타 밥류|330.0|422.13|72.82|4.73|5.11|15.75|2.3|3.5|43.01|439.39|14.41|60.53|127.78|429.72|0.75|0.04|0.0|0.0|0.38|0.04|1.93|2.64|3598.77|0.0|168.76|45.98|0.0|0.0|0.59|0.0|0.0|0.03|0.0|food/76/1.jpg|food/76/2.jpg|food/76/3.jpg
약초비빔밥|비빔밥류|400.0|511.8|71.97|2.98|3.98|20.05|0.72|2.7|61.33|0.68|18.57|48.11|131.04|242.9|0.64|0.12|0.0|0.0|0.02|0.03|0.0|0.3|0.0|0.0|139.18|0.0|0.0|0.0|0.6|0.0|0.0|0.02|0.0|food/77/1.jpg|food/77/2.jpg|food/77/3.png
오므라이스|볶음밥류|400.0|692.71|64.32|6.5|7.23|20.54|3.19|2.41|19.28|840.0|12.24|92.53|163.04|432.53|0.92|0.15|0.0|0.0|0.14|0.1|0.38|67.24|6321.79|0.0|344.4|86.99|0.0|0.0|1.38|0.0|0.0|0.02|0.0|food/78/1.jpg|food/78/2.jpg|food/78/3.jpg
육회비빔밥|비빔밥류|300.0|442.29|65.74|6.39|3.36|22.92|4.45|2.58|27.98|893.33|23.57|95.46|177.66|445.74|2.47|0.09|0.0|0.0|0.08|0.04|0.54|0.0|5233.17|0.0|240.45|30.56|0.0|0.0|0.77|0.0|0.0|0.01|0.0|food/79/1.jpg|food/79/2.jpg|food/79/3.jpg
해물볶음밥|볶음밥류|400.0|705.22|63.36|6.28|6.75|22.61|0.31|2.92|20.17|0.64|12.3|77.41|84.31|268.59|0.71|0.09|0.0|0.0|0.0|0.06|0.0|0.0|0.0|0.0|296.1|60.45|0.0|0.0|1.35|0.0|0.0|0.04|0.0|food/80/1.jpg|food/80/2.jpg|food/80/3.jpg
열무비빔밥|즉석섭취식품|373.0|560.0|0.0|4.02|2.95|26.81|1.07|0.0|0.0|0.0|0.0|0.0|0.0|386.06|0.0|0.0|0.0|0.0|0.0|0.0|0.0|0.0|0.0|0.0|0.0|10.72|0.0|0.0|0.38|0.0|0.0|0.0|0.0|food/371/1.jpg|food/371/2.jpg|food/371/3.jpg
류산슬덮밥|덮밥류|550.0|574.99|77.29|4.9|3.46|13.44|0.08|1.85|20.06|0.89|10.24|47.31|64.61|287.15|0.46|0.07|0.0|0.0|0.01|0.02|0.0|1.41|0.0|0.0|180.93|21.98|0.0|0.0|0.62|0.0|0.0|0.02|0.0|food/81/1.jpg|food/81/2.jpg|food/81/3.jpg
불고기덮밥|덮밥류|400.0|728.18|60.16|6.6|5.31|26.96|0.07|2.76|6.15|817.5|9.7|72.89|138.17|252.86|2.12|0.07|0.0|0.0|0.16|0.06|0.45|0.0|5770.72|0.0|262.1|15.83|0.0|0.0|1.4|0.0|0.0|0.24|0.0|food/82/1.jpg|food/82/2.jpg|food/82/3.jpg
소고기국밥|기타 밥류|700.0|330.53|88.77|3.11|1.16|6.09|0.4|1.13|13.06|0.36|11.14|33.31|104.21|255.19|0.64|0.04|0.0|0.0|0.04|0.02|0.22|0.0|0.0|0.0|114.55|5.98|0.0|0.0|0.33|0.0|0.0|0.01|0.0|food/83/1.jpg|food/83/2.jpg|food/83/3.jpg
송이덮밥|덮밥류|600.0|581.81|77.79|3.04|2.34|15.93|0.38|2.28|12.19|1.04|7.32|37.74|82.95|279.67|0.42|0.09|0.0|0.0|0.13|0.05|0.0|0.94|0.0|0.0|117.52|8.03|0.0|0.0|0.46|0.0|0.0|0.02|0.0|food/84/1.jpg|food/84/2.jpg|food/84/3.jpg
오징어덮밥|덮밥류|360.0|484.59|68.05|7.18|2.01|21.94|0.66|2.63|8.21|222.22|17.31|77.96|134.73|161.73|0.72|0.1|0.0|0.0|0.0|0.02|0.57|0.0|5469.03|0.0|256.68|46.44|0.0|0.0|0.24|0.0|0.0|0.0|0.0|food/85/1.jpg|food/85/2.jpg|food/85/3.jpg
자장밥|덮밥류|500.0|741.66|67.56|3.05|4.46|24.01|1.07|2.42|10.85|2.92|0.0|37.59|74.84|312.08|0.0|0.0|0.0|0.0|0.13|0.06|0.0|0.0|0.0|0.0|0.0|5.29|0.0|0.0|1.71|0.0|0.0|0.03|0.0|food/86/1.jpg|food/86/2.jpg|food/86/3.jpg
잡채밥|덮밥류|550.0|825.15|65.82|4.02|3.42|25.79|0.05|3.04|16.0|776.36|13.47|46.93|147.77|226.77|0.85|0.05|0.0|0.0|0.66|0.04|0.07|4.31|2936.67|0.0|136.68|5.91|0.0|0.0|0.41|0.0|0.0|0.05|0.0|food/87/1.jpg|food/87/2.jpg|food/87/3.jpg
잡탕밥|덮밥류|750.0|777.44|76.5|5.88|2.68|13.99|0.06|1.83|24.08|7.45|0.0|64.78|68.68|281.27|0.0|0.0|0.0|0.0|0.02|0.09|0.0|0.0|0.0|0.0|0.0|43.98|0.0|0.0|0.54|0.0|0.0|0.02|0.0|food/88/1.jpg|food/88/2.jpg|food/88/3.jpg
장어덮밥|덮밥류|400.0|716.54|61.44|7.52|5.74|24.34|1.4|2.58|44.89|0.32|12.96|87.43|96.58|230.19|0.87|0.07|0.0|0.0|0.12|0.07|0.0|0.0|0.0|0.0|297.3|58.64|0.0|0.0|1.29|0.0|0.0|0.06|0.0|food/89/1.jpg|food/89/2.jpg|food/89/3.jpg
제육덮밥|덮밥류|470.0|949.76|62.0|9.43|10.77|16.86|1.98|1.42|11.01|485.11|15.01|100.96|195.89|174.43|1.32|0.1|0.0|0.0|0.32|0.16|0.13|0.0|8272.16|0.0|348.3|27.94|0.0|0.0|3.42|0.0|0.0|0.05|0.0|food/90/1.jpg|food/90/2.jpg|food/90/3.jpg
짬뽕밥|기타 밥류|900.0|647.7|82.8|3.2|1.4|11.65|1.34|1.41|13.2|666.67|14.95|52.53|137.56|233.96|0.36|0.07|0.0|0.0|0.24|0.04|0.36|2.69|2907.03|0.0|122.7|15.78|0.0|0.0|0.23|0.0|0.0|0.01|0.0|food/91/1.jpg|food/91/2.jpg|food/91/3.jpg
참치덮밥|덮밥류|500.0|679.1|69.07|5.84|3.35|20.59|0.6|1.6|19.57|6.59|0.0|61.87|124.61|323.75|0.0|0.0|0.0|0.0|0.07|0.44|0.0|0.0|0.0|0.0|0.0|23.16|0.0|0.0|0.68|0.0|0.0|0.02|0.0|food/92/1.jpg|food/92/2.jpg|food/92/3.jpg
카레라이스|덮밥류|480.0|518.4|73.94|3.11|1.4|20.74|0.16|0.55|11.65|300.0|7.5|34.95|91.47|209.8|0.74|0.04|0.0|0.0|0.11|0.02|0.0|3.16|2931.73|0.0|139.2|2.79|0.0|0.0|0.44|0.0|0.0|0.04|0.0|food/93/1.jpg|food/93/2.jpg|food/93/3.jpg
전주콩나물국밥|기타 밥류|780.0|403.26|86.82|1.45|0.24|10.93|0.0|1.18|6.45|184.62|5.45|15.66|41.64|171.67|0.36|0.02|0.0|0.0|0.14|0.02|0.0|1.26|1089.39|0.0|59.4|0.0|0.0|0.0|0.12|0.0|0.0|0.0|0.0|food/372/1.jpg|food/372/2.jpg|food/372/3.jpg
해물덮밥|덮밥류|700.0|771.93|75.54|6.01|3.21|14.35|0.17|1.56|20.16|0.83|15.9|56.79|71.95|257.53|0.68|0.09|0.0|0.0|0.0|0.04|0.0|0.0|0.0|0.0|231.43|40.89|0.0|0.0|0.77|0.0|0.0|0.03|0.0|food/94/1.jpg|food/94/2.jpg|food/94/3.jpg
회덮밥|덮밥류|500.0|683.02|69.19|6.04|3.31|20.66|2.19|1.62|23.85|3.46|0.0|78.78|163.19|148.85|0.0|0.0|0.0|0.0|0.02|0.57|0.0|0.0|0.0|0.0|0.0|17.73|0.0|0.0|0.58|0.0|0.0|0.02|0.0|food/2/1.jpg|food/2/2.jpg|food/2/3.jpg
안성국밥|즉석조리식품|550.0|345.0|0.0|5.64|0.47|9.09|0.25|0.0|0.0|0.0|0.0|0.0|0.0|240.18|0.0|0.0|0.0|0.0|0.0|0.0|0.0|0.0|0.0|0.0|0.0|19.64|0.0|0.0|0.15|0.0|0.0|0.0|0.0|food/373/1.jpeg|food/373/2.png|food/373/3.png
돼지국밥|기타 밥류|1200.0|911.4|84.68|5.53|3.22|6.22|0.0|1.0|10.61|0.22|5.14|33.85|69.54|91.38|0.64|0.06|0.0|0.0|0.04|0.03|0.0|0.0|0.0|0.0|205.64|11.88|0.0|0.0|0.7|0.0|0.0|0.02|0.0|food/95/1.jpg|food/95/2.jpg|food/95/3.jpg
김치김밥|김밥(초밥)류|270.0|351.43|71.21|4.3|4.03|19.17|0.29|1.77|43.86|311.11|15.29|64.15|126.28|349.19|0.51|0.15|0.0|0.0|0.21|0.04|0.91|3.43|4707.79|0.0|234.94|47.38|0.0|0.0|1.06|0.0|0.0|0.02|0.0|food/96/1.jpg|food/96/2.jpg|food/96/3.jpg
농어초밥|김밥(초밥)류|250.0|396.74|59.6|6.97|0.53|31.5|5.2|1.04|7.47|0.12|10.8|72.74|118.79|414.02|0.51|0.09|0.0|0.0|0.03|0.03|0.0|0.0|0.0|0.0|340.83|10.6|0.0|0.0|0.26|0.0|0.0|0.01|0.0|food/97/1.jpg|food/97/2.jpg|food/97/3.jpg
문어|어패류 및 기타 수산물|100.0|99.0|76.2|21.7|0.7|0.1|0.0|0.0|19.0|200.0|52.0|120.0|240.0|230.0|1.8|0.43|0.0|0.0|0.03|0.05|1.2|0.0|0.0|0.0|0.0|150.0|0.2|0.02|0.06|0.12|0.1|0.0|0.0|food/67/1.jpg|food/67/2.jpg|food/67/3.jpg
초밥|김밥(초밥)류|300.0|461.97|62.87|8.47|2.02|25.48|2.88|0.77|15.12|1.87|0.0|94.44|146.97|322.98|0.0|0.0|0.0|0.0|0.01|0.15|0.0|0.0|0.0|0.0|0.0|23.62|0.0|0.0|0.5|0.0|0.0|0.01|0.0|food/47/1.jpg|food/47/2.jpg|food/47/3.jpg
새우초밥|김밥(초밥)류|250.0|387.67|60.13|6.72|0.3|31.37|4.66|0.83|28.75|0.11|10.83|60.29|53.25|444.12|0.66|0.11|0.0|0.0|0.0|0.01|0.0|0.0|0.0|0.0|344.62|29.06|0.0|0.0|0.22|0.0|0.0|0.0|0.0|food/98/1.jpg|food/98/2.jpg|food/98/3.jpg
새우튀김롤|김밥(초밥)류|300.0|606.5|55.47|4.82|6.06|32.09|3.71|2.53|54.13|0.37|11.17|68.19|76.99|463.81|0.55|0.08|0.0|0.0|0.05|0.05|0.0|2.58|0.0|0.0|242.79|18.62|0.0|0.0|1.14|0.0|0.0|0.04|0.0|food/99/1.jpg|food/99/2.jpg|food/99/3.jpg
샐러드김밥|김밥(초밥)류|250.0|405.95|64.93|3.85|5.41|24.58|1.37|1.26|26.15|4.92|0.0|55.93|102.43|364.47|0.0|0.0|0.0|0.0|0.03|0.17|0.0|0.0|0.0|0.0|0.0|33.83|0.0|0.0|1.12|0.0|0.0|0.02|0.0|food/100/1.png|food/100/2.jpg|food/100/3.png
광어초밥|김밥(초밥)류|300.0|453.78|62.71|9.02|1.31|25.85|2.57|0.85|7.68|1.39|0.0|114.96|182.69|269.58|0.0|0.0|0.0|0.0|0.01|0.13|0.0|0.0|0.0|0.0|0.0|15.58|0.0|0.0|0.35|0.0|0.0|0.01|0.0|food/374/1.jpg|food/374/2.jpg|food/374/3.jpg
소고기|육류|100.0|278.0|59.2|16.9|22.8|0.0|0.0|0.0|51.0|0.0|0.0|134.0|234.0|43.0|0.0|0.0|0.0|0.0|0.14|0.29|0.0|0.0|0.0|0.0|0.0|0.0|0.0|0.0|0.0|0.0|0.0|0.0|0.0|food/68/1.jpg|food/68/2.jpg|food/68/3.jpg
김밥|김밥(초밥)류|230.0|322.56|69.51|4.84|4.55|19.98|0.0|1.36|35.63|300.0|12.33|55.37|118.2|306.59|0.52|0.17|0.0|0.0|0.16|0.04|0.87|3.76|5029.73|0.0|251.51|19.3|0.0|0.0|1.1|0.0|0.0|0.02|0.0|food/343/1.png|food/343/2.jpg|food/343/3.jpg
갈비삼각김밥|조리가공품류|100.0|161.0|60.7|4.0|1.7|32.5|0.0|1.3|11.0|2100.0|0.0|55.0|69.0|358.0|0.0|0.0|0.0|0.0|0.07|0.09|0.0|0.0|0.0|0.0|0.0|0.0|0.0|0.0|0.0|0.0|0.0|0.0|0.0|food/375/1.jpg|food/375/2.jpg|food/375/3.jpg
연어롤|김밥(초밥)류|300.0|510.19|62.46|6.19|5.13|24.77|2.82|3.01|44.65|0.3|11.42|76.45|109.69|403.97|0.49|0.06|0.0|0.0|0.06|0.05|0.0|20.01|0.0|0.0|281.48|20.66|0.0|0.0|0.94|0.0|0.0|0.03|0.0|food/101/1.jpg|food/101/2.jpg|food/101/3.jpg
연어초밥|김밥(초밥)류|250.0|447.32|58.69|7.55|3.9|28.41|5.15|1.61|6.86|0.14|10.52|86.95|121.68|425.75|0.47|0.08|0.0|0.0|0.05|0.03|0.0|4.17|0.0|0.0|359.08|12.82|0.0|0.0|0.73|0.0|0.0|0.02|0.0|food/102/1.jpg|food/102/2.jpg|food/102/3.jpg
유부초밥|김밥(초밥)류|200.0|388.54|57.44|5.78|5.76|29.82|1.98|2.61|45.89|585.0|21.44|67.18|56.7|385.63|0.77|0.1|0.0|0.0|0.0|0.02|0.0|4.25|5321.07|0.0|287.38|3.12|0.0|0.0|0.69|0.0|0.0|0.02|0.0|food/103/1.jpg|food/103/2.jpg|food/103/3.jpg
장어초밥|김밥(초밥)류|250.0|486.26|55.17|6.61|4.33|32.27|5.47|1.29|31.5|0.21|9.9|70.14|69.74|508.36|0.62|0.06|0.0|0.0|0.02|0.04|0.0|2.26|0.0|0.0|301.21|41.11|0.0|0.0|1.16|0.0|0.0|0.04|0.0|food/104/1.png|food/104/2.jpg|food/104/3.jpg
참치김밥|김밥(초밥)류|250.0|435.04|64.2|7.0|7.22|20.26|0.71|1.8|51.37|724.0|12.76|73.12|122.7|334.97|0.97|0.18|0.0|0.0|0.23|0.07|0.58|3.06|6154.01|0.0|286.17|33.45|0.0|0.0|1.4|0.0|0.0|0.04|0.0|food/105/1.jpg|food/105/2.jpg|food/105/3.jpg
참치마요삼각김밥|김밥(초밥)류|200.0|398.7|59.62|5.93|8.2|25.44|0.0|2.82|9.66|380.0|12.1|57.91|75.64|230.11|0.57|0.1|0.0|0.0|0.0|0.06|0.82|2.18|5211.03|0.0|270.05|10.47|0.0|0.0|1.0|0.0|0.0|0.02|0.0|food/106/1.jpg|food/106/2.jpg|food/106/3.jpg
충무김밥|김밥(초밥)류|400.0|583.93|63.98|5.86|1.49|27.29|4.3|2.1|19.43|0.36|20.46|74.15|164.62|323.57|0.7|0.11|0.0|0.0|0.07|0.06|0.0|0.45|0.0|0.0|249.18|39.21|0.0|0.0|0.27|0.0|0.0|0.01|0.0|food/107/1.jpg|food/107/2.jpg|food/107/3.jpg
치즈김밥|김밥(초밥)류|270.0|476.98|63.3|6.24|7.03|22.1|0.21|2.62|6.33|214.81|5.36|15.39|40.92|168.72|0.44|0.06|0.0|0.0|0.36|0.07|0.63|2.15|5980.21|0.0|294.07|35.07|0.0|0.0|2.43|0.0|0.0|0.13|0.0|food/108/1.jpg|food/108/2.jpg|food/108/3.jpg
캘리포니아롤|김밥(초밥)류|300.0|487.64|61.64|4.11|3.02|29.74|2.97|2.53|48.51|0.33|9.48|51.95|75.84|431.96|0.54|0.06|0.0|0.0|0.03|0.04|0.0|1.29|0.0|0.0|174.81|21.99|0.0|0.0|0.71|0.0|0.0|0.02|0.0|food/109/1.jpg|food/109/2.jpg|food/109/3.jpg
한치초밥|김밥(초밥)류|250.0|374.18|61.58|5.48|0.34|31.17|5.25|0.61|6.99|0.1|8.11|49.77|42.67|479.72|0.58|0.08|0.0|0.0|0.0|0.02|0.0|2.59|0.0|0.0|261.92|40.03|0.0|0.0|0.18|0.0|0.0|0.0|0.0|food/110/1.png|food/110/2.jpg|food/110/3.jpg
간자장|중식면류|650.0|824.54|71.27|3.44|3.39|20.65|1.87|4.4|17.92|5.26|0.0|36.11|112.28|417.88|0.0|0.0|0.0|0.0|0.04|0.08|0.0|0.0|0.0|0.0|0.0|4.42|0.0|0.0|1.49|0.0|0.0|0.04|0.0|food/111/1.jpg|food/111/2.jpg|food/111/3.gif
굴짬뽕|중식면류|900.0|680.67|81.34|3.65|1.07|12.85|0.19|0.96|49.42|1.1|10.48|39.04|79.15|295.82|1.2|0.24|0.0|0.0|0.0|0.04|0.0|0.22|0.0|0.0|140.95|18.15|0.0|0.0|0.16|0.0|0.0|0.0|0.0|food/112/1.jpg|food/112/2.jpg|food/112/3.jpg
기스면|중식면류|1000.0|606.93|85.31|3.78|1.07|8.98|0.05|0.69|34.04|0.57|5.61|33.67|46.46|276.46|0.21|0.03|0.0|0.0|0.0|0.03|0.0|0.16|0.0|0.0|161.62|41.65|0.0|0.0|0.21|0.0|0.0|0.0|0.0|food/113/1.jpg|food/113/2.jpg|food/113/3.jpg
김치라면|라면류|650.0|552.0|80.77|2.12|2.6|13.26|0.18|1.26|44.9|0.27|8.27|32.5|90.79|389.48|0.16|0.02|0.0|0.0|0.09|0.24|0.24|0.0|0.0|0.0|91.26|7.02|0.0|0.0|1.05|0.0|0.0|0.02|0.0|food/114/1.jpg|food/114/2.jpg|food/114/3.jpg
김치우동|중식면류|800.0|500.18|84.0|1.94|0.58|12.39|0.27|1.13|14.3|0.26|5.41|18.65|59.0|359.33|0.09|0.03|0.0|0.0|0.02|0.01|0.0|0.17|0.0|0.0|89.33|1.77|0.0|0.0|0.1|0.0|0.0|0.0|0.0|food/115/1.jpg|food/115/2.jpg|food/115/3.jpg
김치말이국수|국수류|600.0|302.53|87.15|2.15|0.8|8.67|1.38|0.77|21.7|0.28|16.2|29.24|99.31|353.6|0.17|0.06|0.0|0.0|0.11|0.03|0.48|0.28|0.0|0.0|95.29|14.82|0.0|0.0|0.18|0.0|0.0|0.0|0.0|food/116/1.jpg|food/116/2.jpg|food/116/3.jpg
닭칼국수|국수류|900.0|663.0|82.56|4.69|1.42|10.52|0.59|1.09|9.48|0.2|9.33|40.84|78.96|236.13|0.25|0.02|0.0|0.0|0.04|0.03|0.0|0.09|0.0|0.0|192.09|10.63|0.0|0.0|0.28|0.0|0.0|0.0|0.0|food/3/1.jpg|food/3/2.jpg|food/3/3.jpg
들깨칼국수|국수류|600.0|457.88|0.0|2.93|2.75|9.97|0.24|0.0|0.0|0.0|0.0|0.0|0.0|198.76|0.0|0.0|0.0|0.0|0.0|0.0|0.0|0.0|0.0|0.0|0.0|0.56|0.25|0.0|0.24|0.0|0.0|0.0|0.0|food/398/1.jpg|food/398/2.jpg|food/398/3.jpg
떡라면|라면류|550.0|525.49|78.91|2.04|2.92|15.27|0.0|0.78|33.21|49.09|3.46|21.08|53.28|269.72|0.11|0.02|0.0|0.0|0.05|0.29|0.0|0.0|1899.95|0.0|82.85|0.0|0.0|0.0|1.0|0.0|0.0|0.01|0.0|food/117/1.png|food/117/2.jpg|food/117/3.jpg
라면|라면류|550.0|450.91|81.45|1.72|2.28|13.65|0.0|1.0|33.12|69.09|3.48|19.84|56.63|283.49|0.08|0.01|0.0|0.0|0.0|0.38|0.0|0.0|1453.1|0.0|63.47|0.0|0.0|0.0|0.82|0.0|0.0|0.01|0.0|food/4/1.jpg|food/4/2.jpg|food/4/3.jpg
막국수|국수류|600.0|799.33|67.2|5.8|1.61|23.9|4.88|1.74|16.83|1021.67|19.47|51.79|134.52|404.52|1.15|0.06|0.0|0.0|0.43|0.04|0.0|2.13|4977.98|0.0|240.39|5.53|0.0|0.0|0.46|0.0|0.0|0.02|0.0|food/48/1.jpg|food/48/2.jpg|food/48/3.jpg
메밀국수|국수류|350.0|221.87|83.87|3.14|0.29|12.06|0.0|0.79|8.99|188.57|6.73|26.84|75.29|194.1|0.81|0.01|0.0|0.0|0.05|0.02|0.15|0.0|2344.55|0.0|114.74|0.0|0.0|0.0|0.12|0.0|0.0|0.0|0.0|food/118/1.jpg|food/118/2.jpg|food/118/3.jpg
물냉면|국수류|700.0|383.98|86.51|1.96|0.64|10.31|4.52|0.32|6.9|282.86|6.0|25.47|49.17|161.18|0.27|0.04|0.0|0.0|0.01|0.03|0.0|0.0|1728.43|0.0|82.87|15.35|0.0|0.0|0.16|0.0|0.0|0.0|0.0|food/119/1.jpg|food/119/2.jpg|food/119/3.jpg
비빔국수|국수류|500.0|512.46|74.61|3.01|0.95|20.47|4.11|1.37|20.02|526.0|12.06|33.86|111.64|238.76|0.92|0.05|0.0|0.0|0.0|0.05|0.0|2.33|2615.48|0.0|126.91|1.01|0.0|0.0|0.2|0.0|0.0|0.0|0.0|food/120/1.jpg|food/120/2.jpg|food/120/3.jpg
비빔냉면|국수류|500.0|499.16|77.41|5.67|2.64|13.35|4.02|1.47|22.72|486.0|16.76|61.54|166.67|177.46|1.0|0.09|0.0|0.0|0.08|0.1|0.0|3.22|5008.02|0.0|251.28|47.34|0.0|0.0|0.54|0.0|0.0|0.01|0.0|food/121/1.jpg|food/121/2.jpg|food/121/3.jpg
삼선우동|중식면류|1000.0|691.66|82.87|4.79|0.85|10.59|0.08|0.85|21.21|0.53|12.35|45.33|51.66|272.23|0.38|0.07|0.0|0.0|0.1|0.04|0.0|0.28|0.0|0.0|209.53|62.09|0.0|0.0|0.2|0.0|0.0|0.0|0.0|food/122/1.jpg|food/122/2.jpg|food/122/3.jpg
삼선자장면|중식면류|700.0|803.9|73.4|4.81|2.59|18.08|1.45|1.54|17.25|1.04|12.34|43.08|91.5|375.46|0.33|0.07|0.0|0.0|0.19|0.01|0.0|0.7|0.0|0.0|190.55|23.79|0.0|0.0|0.58|0.0|0.0|0.01|0.0|food/123/1.jpeg|food/123/2.jpg|food/123/3.jpg
삼선짬뽕|중식면류|900.0|662.37|82.02|4.4|1.2|11.3|0.12|0.85|44.5|0.85|12.85|39.72|73.29|298.79|0.37|0.09|0.0|0.0|0.12|0.04|0.0|1.03|0.0|0.0|175.7|34.72|0.0|0.0|0.21|0.0|0.0|0.0|0.0|food/124/1.png|food/124/2.jpg|food/124/3.jpg
수제비|기타 면류|650.0|378.28|85.44|2.31|0.52|11.08|0.0|1.07|8.56|203.08|11.39|36.46|106.32|142.33|0.2|0.04|0.0|0.0|0.17|0.02|0.21|2.17|1772.1|0.0|88.91|12.85|0.0|0.0|0.15|0.0|0.0|0.0|0.0|food/5/1.jpg|food/5/2.jpg|food/5/3.jpg
쌀국수|국수류|600.0|320.32|86.73|2.6|0.7|9.18|0.72|0.27|6.85|0.25|6.02|22.2|42.21|275.26|0.48|0.04|0.0|0.0|0.01|0.01|0.22|0.06|0.0|0.0|105.81|5.6|0.0|0.0|0.23|0.0|0.0|0.02|0.0|food/125/1.jpg|food/125/2.jpg|food/125/3.jpg
열무김치국수|국수류|800.0|431.0|86.86|1.88|1.27|8.7|2.33|1.15|32.16|0.29|15.98|23.49|108.72|375.93|0.24|0.04|0.0|0.0|0.13|0.03|0.0|0.14|0.0|0.0|74.59|1.92|0.0|0.0|0.08|0.0|0.0|0.01|0.0|food/126/1.jpg|food/126/2.jpg|food/126/3.jpg
열무냉면|중식면류|800.0|525.49|83.23|2.61|0.72|12.19|3.39|5.09|22.22|4.72|0.0|28.31|78.59|394.05|0.0|0.0|0.0|0.0|0.17|0.09|0.0|0.0|0.0|0.0|0.0|8.47|0.0|0.0|0.17|0.0|0.0|0.0|0.0|food/127/1.jpg|food/127/2.jpg|food/127/3.jpg
오일소스스파게티|스파게티류|400.0|646.74|65.82|4.89|5.86|22.35|0.35|2.78|27.77|0.8|20.02|72.62|117.21|281.08|0.51|0.11|0.0|0.0|0.03|0.05|0.0|0.09|0.0|0.0|212.98|7.91|0.0|0.0|0.97|0.0|0.0|0.01|0.0|food/128/1.jpg|food/128/2.png|food/128/3.jpg
일식우동|중식면류|700.0|421.51|85.42|1.91|1.13|10.6|0.35|2.89|11.3|4.69|0.0|16.31|24.23|341.47|0.0|0.0|0.0|0.0|0.06|0.04|0.0|0.0|0.0|0.0|0.0|3.71|0.0|0.0|0.21|0.0|0.0|0.0|0.0|food/376/1.jpg|food/376/2.jpg|food/376/3.jpg
중식우동|중식면류|1000.0|648.47|85.43|2.95|2.1|8.54|0.11|2.22|18.82|3.66|0.0|32.91|46.16|339.59|0.0|0.0|0.0|0.0|0.01|0.07|0.0|0.0|0.0|0.0|0.0|20.84|0.0|0.0|0.34|0.0|0.0|0.0|0.0|food/377/1.jpg|food/377/2.jpg|food/377/3.jpg
울면|중식면류|1000.0|728.86|81.81|3.75|0.74|12.82|0.05|0.76|29.24|0.58|8.84|37.54|55.47|279.99|0.23|0.06|0.0|0.0|0.0|0.03|0.0|0.04|0.0|0.0|153.31|44.58|0.0|0.0|0.18|0.0|0.0|0.0|0.0|food/129/1.jpg|food/129/2.jpg|food/129/3.jpg
자장면|중식면류|650.0|796.5|72.22|3.04|3.13|20.56|1.2|3.35|12.6|3.73|0.0|30.68|71.09|367.94|0.0|0.0|0.0|0.0|0.13|0.06|0.0|0.0|0.0|0.0|0.0|1.65|0.0|0.0|1.31|0.0|0.0|0.03|0.0|food/6/1.jpg|food/6/2.png|food/6/3.jpg
잔치국수|국수류|700.0|310.2|88.87|1.93|0.49|8.05|0.04|0.78|8.12|1441.43|3.47|13.35|38.05|216.37|1.32|0.01|0.0|0.0|0.0|0.01|0.08|2.18|1553.49|0.0|65.22|0.6|0.0|0.0|0.16|0.0|0.0|0.0|0.0|food/130/1.jpg|food/130/2.jpg|food/130/3.jpg
짬뽕|중식면류|800.0|464.46|86.69|2.79|1.54|8.26|1.57|1.59|12.38|55.0|10.79|35.73|79.76|180.76|0.26|0.05|0.0|0.0|0.12|0.08|0.74|7.81|2477.15|0.0|112.87|10.52|0.0|0.0|0.25|0.0|0.0|0.01|0.0|food/344/1.jpg|food/344/2.jpg|food/344/3.jpg
짬뽕라면|라면류|750.0|689.0|80.15|2.84|3.51|12.27|0.21|1.15|78.24|0.38|11.22|40.57|88.01|332.51|0.21|0.03|0.0|0.0|0.18|0.21|0.21|0.0|0.0|0.0|114.84|14.23|0.0|0.0|1.15|0.0|0.0|0.01|0.0|food/131/1.jpg|food/131/2.jpg|food/131/3.jpg
쫄면|국수류|550.0|706.96|70.03|3.21|2.52|23.26|3.51|1.56|22.8|343.64|17.46|42.65|130.41|250.37|0.12|0.08|0.0|0.0|0.05|0.03|0.0|2.03|2845.41|0.0|153.55|0.0|0.0|0.0|0.22|0.0|0.0|0.0|0.0|food/345/1.jpg|food/345/2.jpg|food/345/3.png
치즈라면|라면류|600.0|595.0|78.83|2.8|3.83|13.33|0.15|1.33|56.21|0.22|6.54|64.53|60.34|352.23|0.22|0.01|0.0|0.0|0.11|0.29|0.29|0.0|0.0|0.0|128.35|17.28|0.0|0.0|1.57|0.0|0.0|0.03|0.0|food/132/1.jpg|food/132/2.jpg|food/132/3.jpg
콩국수|국수류|800.0|651.57|83.33|3.9|3.35|8.92|0.24|1.9|21.95|601.25|20.61|45.37|109.46|66.53|0.72|0.06|0.0|0.0|0.16|0.01|0.0|1.36|3270.11|0.0|172.34|0.0|0.0|0.0|0.17|0.0|0.0|0.0|0.0|food/133/1.jpg|food/133/2.jpg|food/133/3.jpg
크림소스스파게티|스파게티류|400.0|837.57|62.38|5.45|12.65|18.44|2.29|1.19|60.36|0.38|15.58|102.79|130.77|257.55|0.56|0.08|0.0|0.0|0.21|0.13|0.0|0.05|0.0|0.0|241.67|31.64|0.0|0.0|6.42|0.0|0.0|0.25|0.0|food/7/1.png|food/7/2.jpg|food/7/3.jpg
토마토소스스파게티|스파게티류|500.0|642.58|71.36|4.87|3.83|18.64|3.12|1.47|42.91|0.61|18.61|74.64|218.89|301.73|0.54|0.09|0.0|0.0|0.17|0.07|0.0|0.03|0.0|0.0|198.52|9.83|0.0|0.0|1.09|0.0|0.0|0.04|0.0|food/8/1.jpg|food/8/2.jpg|food/8/3.jpg
해물칼국수|국수류|900.0|628.26|82.33|2.53|0.51|13.77|0.42|4.99|14.3|3.15|0.0|23.29|59.65|261.67|0.0|0.0|0.0|0.0|0.1|0.05|0.0|0.0|0.0|0.0|0.0|2.97|0.0|0.0|0.14|0.0|0.0|0.0|0.0|food/134/1.jpg|food/134/2.jpg|food/134/3.jpg
회냉면|국수류|500.0|741.26|67.15|5.81|4.02|22.21|2.84|2.62|53.0|1008.0|21.59|73.29|161.0|99.09|0.66|0.05|0.0|0.0|0.34|0.05|0.0|3.19|4441.5|0.0|201.67|8.88|0.0|0.0|0.27|0.0|0.0|0.0|0.0|food/135/1.jpg|food/135/2.jpg|food/135/3.jpg
떡국|기타 국류|700.0|588.01|79.02|3.43|0.53|16.37|0.08|0.84|3.81|367.14|7.45|34.22|50.77|176.29|0.71|0.02|0.0|0.0|0.0|0.03|0.15|2.25|3199.42|0.0|158.42|16.7|0.0|0.0|0.24|0.0|0.0|0.0|0.0|food/136/1.jpg|food/136/2.jpg|food/136/3.png
떡만둣국|기타 국류|700.0|624.92|78.84|2.87|1.62|15.82|0.02|1.22|14.25|3.03|0.0|35.75|52.84|282.88|0.0|0.0|0.0|0.0|0.09|0.15|0.0|0.0|0.0|0.0|0.0|17.49|0.0|0.0|0.49|0.0|0.0|0.01|0.0|food/137/1.jpg|food/137/2.jpg|food/137/3.jpg
고기만두|만두류|220.0|350.25|64.75|12.38|4.45|17.4|0.16|2.3|19.61|1031.82|26.53|116.82|185.92|205.97|1.27|0.05|0.0|0.0|0.34|0.09|0.1|0.0|10145.45|0.0|441.25|19.91|0.0|0.0|0.61|0.0|0.0|0.02|0.0|food/138/1.jpg|food/138/2.jpg|food/138/3.jpg
군만두|만두류|220.0|514.51|54.39|7.03|11.5|25.57|2.77|3.48|40.9|818.18|26.42|89.85|214.11|384.57|0.5|0.12|0.0|0.0|0.0|0.06|0.24|4.7|7267.24|0.0|375.84|9.49|0.0|0.0|3.28|0.0|0.0|0.06|0.0|food/139/1.jpg|food/139/2.jpg|food/139/3.jpg
김치만두|만두류|220.0|334.15|66.39|10.24|4.76|17.02|0.35|2.08|18.01|827.27|19.36|93.05|220.61|393.3|1.49|0.04|0.0|0.0|0.51|0.09|0.21|0.0|7819.47|0.0|343.12|23.27|0.0|0.0|0.1|0.0|0.0|0.0|0.0|food/140/1.jpg|food/140/2.jpg|food/140/3.jpg
물만두|만두류|230.0|448.16|63.96|8.06|11.13|15.61|2.13|3.07|30.86|582.61|23.6|102.1|172.62|332.0|0.61|0.19|0.0|0.0|0.87|0.09|0.2|4.73|7706.79|0.0|382.07|12.13|0.0|0.0|3.08|0.0|0.0|0.05|0.0|food/141/1.jpg|food/141/2.jpg|food/141/3.jpg
만둣국|기타 국류|700.0|434.05|86.41|3.06|2.49|6.83|0.44|4.59|17.66|3.78|0.0|31.63|72.79|338.28|0.0|0.0|0.0|0.0|0.19|0.1|0.0|0.0|0.0|0.0|0.0|13.5|0.0|0.0|0.61|0.0|0.0|0.01|0.0|food/346/1.jpg|food/346/2.jpg|food/346/3.jpg
게살죽|죽류|800.0|564.83|82.85|2.24|0.89|13.42|0.02|0.68|13.14|1.04|0.0|23.97|43.26|181.73|0.0|0.0|0.0|0.0|0.05|0.05|0.0|0.0|0.0|0.0|0.0|6.27|0.0|0.0|0.26|0.0|0.0|0.01|0.0|food/142/1.jpg|food/142/2.jpg|food/142/3.jpg
깨죽|죽류|800.0|515.35|85.77|1.71|1.99|9.91|0.45|1.22|50.21|2.02|0.0|34.88|27.8|145.02|0.0|0.0|0.0|0.0|0.09|0.06|0.0|0.0|0.0|0.0|0.0|0.0|0.0|0.0|0.35|0.0|0.0|0.0|0.0|food/143/1.jpg|food/143/2.jpg|food/143/3.jpg
닭죽|죽류|400.0|177.46|89.18|2.68|0.57|7.14|0.0|0.08|4.22|105.0|4.55|27.58|41.1|116.8|0.28|0.04|0.0|0.0|0.07|0.04|0.07|0.0|2274.73|0.0|107.86|7.44|0.0|0.0|0.32|0.0|0.0|0.0|0.0|food/144/1.jpg|food/144/2.jpg|food/144/3.jpg
소고기버섯죽|죽류|800.0|578.28|82.55|2.34|0.93|13.63|0.03|0.37|6.8|1.02|0.0|22.23|52.15|157.73|0.0|0.0|0.0|0.0|0.02|0.08|0.0|0.0|0.0|0.0|0.0|3.26|0.0|0.0|0.34|0.0|0.0|0.02|0.0|food/145/1.jpg|food/145/2.jpg|food/145/3.jpg
어죽|죽류|800.0|552.06|83.05|2.55|0.94|12.6|1.23|1.11|23.8|0.28|10.98|38.17|85.92|263.19|0.27|0.05|0.0|0.0|0.02|0.01|0.0|0.0|0.0|0.0|105.71|4.43|0.0|0.0|0.21|0.0|0.0|0.0|0.0|food/146/1.jpg|food/146/2.png|food/146/3.jpg
잣국|채소류국.탕|400.0|82.47|94.37|0.9|0.26|3.67|0.85|0.65|5.38|122.5|8.65|22.47|121.73|214.95|0.08|0.04|0.0|0.0|0.71|0.02|0.28|0.63|750.65|0.0|31.6|0.0|0.0|0.0|0.03|0.0|0.0|0.0|0.0|food/147/1.jpg|food/147/2.jpg|food/147/3.jpg
전복죽|죽류|400.0|317.19|84.38|1.82|3.72|9.62|0.0|1.56|2.38|127.5|3.72|13.64|20.38|157.92|0.19|0.02|0.0|0.0|0.0|0.03|0.0|4.21|1259.43|0.0|73.21|8.62|0.0|0.0|0.18|0.0|0.0|0.0|0.0|food/148/1.jpg|food/148/2.jpg|food/148/3.jpg
참치죽|죽류|800.0|659.6|81.3|3.02|2.01|13.07|0.17|0.67|9.81|0.2|6.97|31.31|71.23|167.8|0.31|0.04|0.0|0.0|0.02|0.02|0.0|0.0|0.0|0.0|135.68|5.0|0.0|0.0|0.23|0.0|0.0|0.01|0.0|food/149/1.jpg|food/149/2.jpg|food/149/3.png
채소죽|죽류|400.0|173.76|89.14|1.69|0.69|7.62|0.17|1.52|8.78|200.0|7.27|19.46|171.5|223.69|0.19|0.05|0.0|0.0|0.16|0.12|0.22|0.59|851.7|0.0|59.98|0.0|0.0|0.0|0.18|0.0|0.0|0.0|0.0|food/150/1.jpg|food/150/2.jpg|food/150/3.jpg
팥죽|죽류|400.0|324.17|79.29|3.17|0.19|16.66|0.02|2.08|9.99|1132.5|13.11|42.28|113.73|127.18|0.58|0.1|0.0|0.0|0.46|0.02|0.0|5.36|2270.97|0.0|139.08|0.0|0.0|0.0|0.07|0.0|0.0|0.0|0.0|food/151/1.jpg|food/151/2.jpg|food/151/3.jpg
호박죽|죽류|400.0|197.52|89.04|1.92|1.71|6.58|3.56|2.59|11.47|257.5|9.9|44.88|334.7|41.85|0.28|0.06|0.0|0.0|0.13|0.06|0.0|1.58|1383.86|0.0|73.75|0.0|0.0|0.0|0.04|0.0|0.0|0.0|0.0|food/152/1.jpg|food/152/2.jpg|food/152/3.jpg
콘스프|기타 튀김류|272.0|647.0|0.0|4.04|0.0|0.0|8.09|0.0|0.0|0.0|0.0|0.0|0.0|461.03|0.0|0.0|0.0|0.0|0.0|0.0|0.0|0.0|0.0|0.0|0.0|0.0|0.0|0.0|2.57|0.0|0.0|0.0|0.0|food/153/1.jpg|food/153/2.jpg|food/153/3.jpg
토마토스프|즉석조리식품|100.0|54.0|0.0|1.0|3.0|5.0|3.0|0.0|0.0|0.0|0.0|0.0|0.0|120.0|0.0|0.0|0.0|0.0|0.0|0.0|0.0|0.0|0.0|0.0|0.0|0.0|0.0|0.0|0.0|0.0|0.0|0.0|0.0|food/378/1.jpg|food/378/2.jpg|food/378/3.jpg
굴국|어패류국.탕|650.0|683.0|76.09|6.52|2.74|13.6|0.05|0.94|29.88|1.96|19.31|102.54|81.44|251.6|4.79|1.18|0.0|0.0|0.05|0.09|0.09|0.0|0.0|0.0|269.97|79.75|0.0|0.0|0.6|0.0|0.0|0.02|0.0|food/154/1.png|food/154/2.jpg|food/154/3.jpg
김치국|채소류국.탕|450.0|89.0|94.62|1.2|0.62|2.33|0.64|1.0|25.28|0.34|13.55|25.96|114.75|364.91|0.16|0.03|0.0|0.0|0.06|0.03|0.03|0.4|0.0|0.0|39.03|0.0|0.0|0.0|0.07|0.0|0.0|0.0|0.0|food/9/1.jpg|food/9/2.jpg|food/9/3.jpg
달걀국|기타 국류|400.0|52.37|97.0|0.93|0.74|0.68|0.0|0.2|5.24|195.0|1.34|20.27|19.38|246.14|0.11|0.07|0.0|0.0|0.0|0.03|0.05|0.0|853.23|0.0|47.83|31.11|0.0|0.0|0.26|0.0|0.0|0.0|0.0|food/155/1.jpg|food/155/2.png|food/155/3.jpg
감자국|채소류국.탕|700.0|221.0|92.1|1.19|0.79|4.94|0.74|0.73|16.51|0.32|12.88|22.83|162.65|244.61|0.19|0.04|0.0|0.0|0.08|0.02|0.21|1.03|0.0|0.0|38.56|0.78|0.0|0.0|0.03|0.0|0.0|0.0|0.0|food/156/1.jpg|food/156/2.jpg|food/156/3.jpg
미역국|어패류국.탕|400.0|46.36|97.21|0.64|0.61|0.87|0.27|0.43|19.47|267.5|14.12|14.23|80.75|167.68|0.08|0.02|0.0|0.0|0.02|0.04|0.12|0.0|514.24|0.0|29.77|0.0|0.0|0.0|0.05|0.0|0.0|0.0|0.0|food/347/1.jpg|food/347/2.jpg|food/347/3.jpg
바지락조개국|어패류국.탕|550.0|157.0|92.4|4.0|0.56|1.84|0.24|1.45|67.12|3.88|21.79|48.5|71.67|290.21|0.47|0.05|0.0|0.0|0.01|0.03|7.59|0.1|0.0|0.0|147.16|16.25|0.0|0.0|0.11|0.0|0.0|0.0|0.0|food/157/1.jpg|food/157/2.jpg|food/157/3.jpg
소고기무국|육류국.탕|400.0|123.0|92.9|3.55|1.0|1.95|0.88|0.78|14.8|0.4|10.72|27.08|84.24|266.76|0.76|0.02|0.0|0.0|0.02|0.02|0.45|0.0|0.0|0.0|132.88|9.61|0.0|0.0|0.32|0.0|0.0|0.02|0.0|food/158/1.jpg|food/158/2.jpg|food/158/3.jpg
소고기미역국|육류국.탕|650.0|151.0|94.32|2.78|0.82|1.18|0.0|1.29|22.97|0.47|14.63|21.45|31.51|293.68|0.61|0.02|0.0|0.0|0.02|0.02|0.43|0.0|0.0|0.0|103.64|6.49|0.0|0.0|0.31|0.0|0.0|0.02|0.0|food/159/1.jpg|food/159/2.jpg|food/159/3.jpg
소머리국밥|조리가공품류|100.0|79.0|84.4|9.5|3.6|2.2|0.0|0.5|9.0|12400.0|0.0|32.0|37.0|103.0|0.0|0.0|0.0|0.0|0.02|0.2|0.0|0.0|0.0|0.0|0.0|0.0|0.0|0.0|0.0|0.0|0.0|0.0|0.0|food/379/1.jpg|food/379/2.jpg|food/379/3.jpg
순대국|육류국.탕|800.0|540.3|87.59|5.44|4.13|2.16|0.0|3.26|13.16|9.11|0.0|39.0|57.08|188.01|0.0|0.0|0.0|0.0|0.06|0.1|0.0|0.0|0.0|0.0|0.0|30.75|0.0|0.0|1.37|0.0|0.0|0.02|0.0|food/348/1.jpg|food/348/2.jpg|food/348/3.jpg
어묵국|어패류국.탕|350.0|106.95|92.78|1.49|1.03|3.83|0.07|0.45|19.35|188.57|7.95|24.69|109.94|225.96|0.07|0.01|0.0|0.0|0.03|0.01|0.11|0.0|1389.0|0.0|59.06|2.45|0.0|0.0|0.07|0.0|0.0|0.0|0.0|food/160/1.jpg|food/160/2.jpg|food/160/3.jpg
오징어국|어패류국.탕|500.0|91.91|95.41|2.22|0.73|0.73|0.24|0.25|4.72|46.0|7.92|36.23|81.88|257.34|0.12|0.01|0.0|0.0|0.22|0.06|0.11|0.0|1463.87|0.0|61.94|31.88|0.0|0.0|0.08|0.0|0.0|0.0|0.0|food/161/1.jpg|food/161/2.jpg|food/161/3.jpg
토란국|채소류국.탕|400.0|62.09|95.56|1.0|0.12|2.6|0.27|0.05|8.44|82.5|6.83|15.64|108.78|189.96|0.06|0.02|0.0|0.0|0.02|0.02|0.06|0.35|763.4|0.0|34.36|1.12|0.0|0.0|0.04|0.0|0.0|0.0|0.0|food/162/1.jpg|food/162/2.jpg|food/162/3.jpg
탕국|어패류국.탕|250.0|92.15|91.96|5.27|1.71|0.1|0.03|1.69|30.59|0.67|14.27|45.67|94.24|262.7|1.07|0.03|0.0|0.0|0.04|0.07|0.0|0.0|0.0|0.0|224.7|12.05|0.0|0.0|0.4|0.0|0.0|0.03|0.0|food/163/1.jpg|food/163/2.jpg|food/163/3.jpg
홍합미역국|어패류국.탕|650.0|167.0|93.38|3.03|0.72|1.78|0.0|1.46|35.03|1.59|27.03|57.74|37.89|314.41|0.48|0.03|0.0|0.0|0.02|0.05|2.31|0.22|0.0|0.0|107.12|8.98|0.0|0.0|0.14|0.0|0.0|0.0|0.0|food/164/1.jpg|food/164/2.jpg|food/164/3.jpg
황태해장국|어패류국.탕|600.0|181.7|92.97|4.08|1.13|0.95|0.25|0.9|27.44|0.23|12.28|41.88|83.83|255.52|0.22|0.02|0.0|0.0|0.01|0.02|0.46|0.0|0.0|0.0|163.6|25.05|0.0|0.0|0.18|0.0|0.0|0.0|0.0|food/165/1.jpg|food/165/2.jpg|food/165/3.jpg
근대된장국|채소류국.탕|400.0|38.84|97.07|0.87|0.39|0.68|0.83|0.54|11.2|152.5|13.79|20.48|95.43|326.02|0.15|0.04|0.0|0.0|0.13|0.04|0.34|0.18|547.81|0.0|25.44|0.48|0.0|0.0|0.05|0.0|0.0|0.0|0.0|food/166/1.jpg|food/166/2.jpg|food/166/3.jpg
미소된장국|채소류국.탕|150.0|38.0|94.07|1.87|1.2|1.87|0.47|0.53|18.23|0.35|10.07|26.02|58.71|344.69|0.22|0.04|0.0|0.0|0.05|0.02|0.02|0.39|0.0|0.0|82.32|0.0|0.0|0.0|0.13|0.0|0.0|0.0|0.0|food/349/1.jpg|food/349/2.jpg|food/349/3.jpg
배추된장국|채소류국.탕|400.0|79.08|94.71|1.46|0.4|2.58|0.0|0.64|12.44|250.0|5.86|24.3|94.77|222.7|0.48|0.02|0.0|0.0|0.0|0.05|0.06|0.0|1341.01|0.0|60.32|3.07|0.0|0.0|0.06|0.0|0.0|0.0|0.0|food/167/1.jpg|food/167/2.jpg|food/167/3.jpg
뼈다귀해장국|육류국.탕|1000.0|714.0|85.47|7.46|3.57|2.34|0.57|1.7|67.03|0.71|13.14|67.16|119.93|308.82|1.13|0.07|0.0|0.0|0.12|0.09|0.05|1.99|0.0|0.0|276.52|32.17|0.0|0.0|1.43|0.0|0.0|0.01|0.0|food/168/1.jpg|food/168/2.jpg|food/168/3.jpg
선지해장국|육류국.탕|1000.0|312.0|91.94|4.93|0.54|1.67|0.39|0.95|20.67|7.86|9.2|23.82|64.15|307.45|0.3|0.04|0.0|0.0|0.07|0.03|0.07|1.0|0.0|0.0|253.32|23.05|0.0|0.0|0.27|0.0|0.0|0.01|0.0|food/350/1.jpg|food/350/2.jpg|food/350/3.jpg
선짓국|육류국.탕|600.0|173.84|92.96|3.86|0.96|1.23|0.0|0.42|22.61|6833.33|4.65|12.72|30.15|312.4|0.43|0.09|0.0|0.0|0.29|0.08|0.0|2.47|4385.67|0.0|254.87|29.05|0.0|0.0|0.13|0.0|0.0|0.0|0.0|food/169/1.jpg|food/169/2.jpg|food/169/3.jpg
시금치된장국|채소류국.탕|400.0|37.98|96.79|1.02|0.17|0.98|0.11|0.44|15.47|287.5|20.45|21.29|180.55|123.83|0.18|0.02|0.0|0.0|0.18|0.14|0.14|0.18|621.1|0.0|31.22|0.64|0.0|0.0|0.03|0.0|0.0|0.0|0.0|food/170/1.jpg|food/170/2.jpg|food/170/3.jpg
시래기된장국|채소류국.탕|450.0|99.0|94.24|1.49|0.69|2.44|0.29|1.33|47.39|0.58|12.37|28.59|73.21|338.59|0.2|0.04|0.0|0.0|0.07|0.02|0.02|0.0|0.0|0.0|57.78|0.0|0.0|0.0|0.07|0.0|0.0|0.0|0.0|food/351/1.jpg|food/351/2.jpg|food/351/3.jpg
쑥된장국|채소류국.탕|400.0|60.64|95.84|1.22|0.47|1.52|0.73|0.77|10.18|207.5|10.08|24.54|147.75|242.68|0.11|0.06|0.0|0.0|0.1|0.06|0.26|0.16|956.64|0.0|42.4|0.21|0.0|0.0|0.06|0.0|0.0|0.0|0.0|food/171/1.jpg|food/171/2.jpg|food/171/3.jpg
아욱된장국|채소류국.탕|400.0|81.83|94.41|2.28|0.56|1.58|0.11|1.15|113.84|890.0|15.2|37.19|121.77|236.08|0.23|0.16|0.0|0.0|0.0|0.43|0.15|0.18|1642.08|0.0|87.34|10.22|0.0|0.0|0.08|0.0|0.0|0.0|0.0|food/172/1.jpg|food/172/2.jpg|food/172/3.jpg
우거지된장국|채소류국.탕|400.0|78.61|94.9|2.77|0.59|0.82|0.62|0.8|14.32|350.0|6.99|31.92|84.07|290.77|0.36|0.03|0.0|0.0|0.66|0.05|0.28|0.0|2741.66|0.0|116.11|7.1|0.0|0.0|0.12|0.0|0.0|0.0|0.0|food/173/1.jpg|food/173/2.jpg|food/173/3.jpg
우거지해장국|채소류국.탕|600.0|154.38|93.63|1.98|0.98|2.25|0.42|1.42|33.09|0.42|11.44|31.18|93.55|341.6|0.27|0.05|0.0|0.0|0.03|0.02|0.38|0.0|0.0|0.0|77.61|3.73|0.0|0.0|0.2|0.0|0.0|0.0|0.0|food/174/1.jpg|food/174/2.jpg|food/174/3.jpg
우렁된장국|어패류국.탕|500.0|245.0|88.0|4.92|1.54|3.84|0.72|1.62|131.32|1.27|29.46|72.48|119.98|426.84|0.51|0.38|0.0|0.0|0.05|0.03|0.33|0.04|0.0|0.0|206.66|21.08|0.0|0.0|0.22|0.0|0.0|0.0|0.0|food/175/1.jpg|food/175/2.jpg|food/175/3.jpg
갈낙탕|육류국.탕|400.0|261.77|86.9|8.95|3.2|0.2|0.32|0.95|12.09|0.74|17.99|58.71|69.54|211.99|2.82|0.98|0.0|0.0|0.0|0.08|0.0|0.0|0.0|0.0|358.74|52.27|0.0|0.0|1.45|0.0|0.0|0.1|0.0|food/176/1.jpg|food/176/2.png|food/176/3.jpg
갈비탕|육류국.탕|670.0|363.24|88.23|8.51|2.06|0.4|0.11|1.86|14.46|1059.7|6.81|48.71|105.76|198.6|2.87|0.0|0.0|0.0|0.0|0.09|0.67|0.0|8094.84|0.0|308.96|31.46|0.0|0.0|0.79|0.0|0.0|0.06|0.0|food/177/1.jpg|food/177/2.jpg|food/177/3.jpg
감자탕|육류찌개.전골|530.0|375.69|86.18|6.31|4.06|2.27|0.0|2.35|38.15|1058.49|10.27|43.35|97.92|328.27|0.69|0.35|0.0|0.0|0.16|0.01|0.08|2.35|6475.09|0.0|252.71|38.53|0.0|0.0|1.16|0.0|0.0|0.01|0.0|food/178/1.jpg|food/178/2.jpg|food/178/3.jpg
곰탕|육류국.탕|600.0|145.15|94.92|3.43|1.12|0.11|0.0|1.05|7.11|446.67|3.02|16.63|34.98|124.01|0.43|0.02|0.0|0.0|0.05|0.03|0.31|2.75|1857.23|0.0|82.33|9.04|0.0|0.0|0.41|0.0|0.0|0.05|0.0|food/49/1.jpg|food/49/2.jpg|food/49/3.jpg
매운탕|어패류찌개.전골|600.0|211.37|90.7|4.84|0.64|2.51|0.45|1.64|25.29|426.67|18.55|62.57|140.02|368.09|0.42|0.22|0.0|0.0|0.67|0.08|0.75|11.86|3715.53|0.0|156.03|47.65|0.0|0.0|0.18|0.0|0.0|0.01|0.0|food/50/1.jpg|food/50/2.jpg|food/50/3.jpg
꼬리곰탕|육류국.탕|500.0|135.9|93.84|4.5|0.64|0.85|0.0|0.51|6.26|268.0|2.51|17.92|21.86|19.38|0.74|0.06|0.0|0.0|0.09|0.05|0.27|0.0|5031.76|0.0|191.65|13.07|0.0|0.0|0.71|0.0|0.0|0.02|0.0|food/179/1.jpg|food/179/2.jpg|food/179/3.jpg
꽃게탕|어패류찌개.전골|600.0|101.1|95.48|1.86|0.41|1.44|0.95|0.81|23.28|438.33|10.51|25.2|98.82|273.17|0.28|0.13|0.0|0.0|0.06|0.05|0.25|4.56|1322.58|0.0|55.82|2.61|0.0|0.0|0.04|0.0|0.0|0.0|0.0|food/180/1.jpg|food/180/2.jpg|food/180/3.jpg
낙지탕|어패류국.탕|600.0|187.8|91.78|4.9|0.53|1.73|0.32|0.6|18.47|0.36|18.4|52.28|107.03|284.12|0.97|0.4|0.0|0.0|0.06|0.04|0.71|0.0|0.0|0.0|179.97|48.74|0.0|0.0|0.07|0.0|0.0|0.0|0.0|food/181/1.jpg|food/181/2.jpg|food/181/3.gif
내장탕|육류찌개.전골|600.0|423.97|87.2|5.82|4.52|1.68|0.05|1.91|9.64|1051.67|10.57|51.09|77.98|215.8|0.48|0.02|0.0|0.0|0.09|0.07|0.24|7.66|4933.33|0.0|206.73|63.89|0.0|0.0|1.78|0.0|0.0|0.01|0.0|food/182/1.jpg|food/182/2.jpg|food/182/3.jpg
닭곰탕|육류국.탕|650.0|330.4|88.19|7.51|1.42|2.0|0.3|0.7|9.06|293.85|13.26|91.4|156.21|170.01|0.48|0.05|0.0|0.0|0.05|0.12|0.24|0.04|7180.72|0.0|324.5|36.02|0.0|0.0|0.3|0.0|0.0|0.0|0.0|food/51/1.jpg|food/51/2.jpg|food/51/3.jpg
닭볶음탕|육류찌개.전골|300.0|332.04|74.69|11.91|3.22|8.52|0.42|1.46|19.5|640.0|23.52|104.64|327.33|376.5|0.55|0.09|0.0|0.0|0.0|0.29|0.17|0.66|9456.49|0.0|454.07|42.44|0.0|0.0|1.19|0.0|0.0|0.03|0.0|food/183/1.jpg|food/183/2.jpg|food/183/3.jpg
지리탕|어패류국.탕|600.0|232.05|90.02|6.95|0.45|1.72|0.23|0.88|40.38|0.22|12.0|60.48|102.08|225.0|1.03|0.02|0.0|0.0|0.01|0.05|0.0|0.0|0.0|0.0|239.47|34.96|0.0|0.0|0.07|0.0|0.0|0.0|0.0|food/52/1.jpg|food/52/2.png|food/52/3.jpg
도가니탕|육류국.탕|500.0|198.17|90.02|8.35|0.33|0.82|0.0|1.35|8.15|1894.0|3.69|12.74|29.46|150.4|0.41|0.26|0.0|0.0|0.19|0.01|0.16|3.19|6755.85|0.0|208.36|18.34|0.0|0.0|0.13|0.0|0.0|0.01|0.0|food/184/1.jpg|food/184/2.jpg|food/184/3.jpg
삼계탕|육류국.탕|900.0|911.39|80.02|10.68|4.8|3.84|0.45|1.6|13.7|428.89|13.66|104.68|156.28|81.85|0.73|0.06|0.0|0.0|0.45|0.08|0.39|0.0|7389.48|0.0|317.76|48.19|0.0|0.0|1.29|0.0|0.0|0.03|0.0|food/185/1.jpg|food/185/2.jpg|food/185/3.jpg
설렁탕|육류국.탕|500.0|118.37|94.67|4.26|0.58|0.36|0.0|0.99|6.79|282.0|2.42|17.05|23.35|21.96|0.64|0.0|0.0|0.0|0.0|0.03|0.21|2.51|3282.0|0.0|102.56|6.97|0.0|0.0|0.23|0.0|0.0|0.02|0.0|food/186/1.jpg|food/186/2.jpg|food/186/3.jpg
아구탕|어패류국.탕|600.0|246.07|89.52|6.3|0.82|2.13|0.3|1.07|49.58|0.49|17.16|71.66|146.26|310.56|0.45|0.04|0.0|0.0|0.02|0.06|1.21|0.0|0.0|0.0|232.21|53.15|0.0|0.0|0.13|0.0|0.0|0.0|0.0|food/187/1.jpg|food/187/2.jpg|food/187/3.jpg
알탕|어패류찌개.전골|520.0|203.13|90.09|6.37|0.74|1.74|0.0|1.58|10.72|319.23|12.2|112.66|163.78|250.29|0.75|0.05|0.0|0.0|0.54|0.39|4.32|5.02|5337.78|0.0|230.09|80.81|0.0|0.0|0.16|0.0|0.0|0.01|0.0|food/188/1.jpg|food/188/2.jpg|food/188/3.jpg
연포탕|어패류국.탕|1000.0|541.64|86.48|9.49|0.9|2.02|0.02|1.44|55.12|1.05|24.25|83.07|103.4|233.75|1.8|1.08|0.0|0.0|0.0|0.09|0.0|0.54|0.0|0.0|360.51|105.75|0.0|0.0|0.18|0.0|0.0|0.01|0.0|food/189/1.jpg|food/189/2.jpg|food/189/3.jpg
오리탕|육류찌개.전골|600.0|728.09|76.38|9.5|6.56|6.08|3.58|2.45|31.56|1251.67|24.21|120.33|296.73|317.26|0.98|0.22|0.0|0.0|0.41|0.26|1.02|1.04|9058.39|0.0|384.32|38.47|0.0|0.0|1.33|0.0|0.0|0.03|0.0|food/190/1.jpg|food/190/2.jpg|food/190/3.jpg
추어탕|어패류찌개.전골|350.0|188.33|89.37|3.24|3.18|3.07|0.0|2.21|135.38|820.0|17.38|84.56|95.4|246.08|0.41|0.07|0.0|0.0|0.06|0.07|0.53|7.37|2385.04|0.0|109.88|15.84|0.0|0.0|0.31|0.0|0.0|0.01|0.0|food/53/1.jpg|food/53/2.jpg|food/53/3.jpg
해물탕|어패류국.탕|600.0|267.81|88.4|6.63|0.78|2.77|0.13|1.0|82.16|1.1|28.81|92.04|156.95|341.04|1.27|0.24|0.0|0.0|0.02|0.05|3.07|0.0|0.0|0.0|227.98|78.25|0.0|0.0|0.13|0.0|0.0|0.0|0.0|food/191/1.jpg|food/191/2.jpg|food/191/3.jpg
닭개장|육류국.탕|700.0|142.98|94.66|2.74|0.42|1.41|0.57|0.74|15.66|185.71|8.43|39.74|105.82|166.88|0.18|0.03|0.0|0.0|0.07|0.06|0.06|0.1|2064.68|0.0|91.54|9.55|0.0|0.0|0.15|0.0|0.0|0.0|0.0|food/192/1.jpg|food/192/2.jpg|food/192/3.jpg
육개장|육류국.탕|440.0|130.33|93.0|3.68|0.99|1.49|0.76|1.19|16.52|556.82|9.31|41.71|120.69|200.96|0.67|0.05|0.0|0.0|0.0|0.06|0.43|0.0|3446.33|0.0|152.29|10.86|0.0|0.0|0.17|0.0|0.0|0.0|0.0|food/193/1.jpg|food/193/2.jpg|food/193/3.jpg
미역오이냉국|냉국류|350.0|21.8|97.69|0.37|0.15|0.85|0.69|0.72|12.87|140.0|8.14|6.8|30.39|326.97|0.05|0.01|0.0|0.0|0.1|0.01|0.03|0.0|340.82|0.0|27.11|0.0|0.0|0.0|0.01|0.0|0.0|0.0|0.0|food/194/1.jpg|food/194/2.jpg|food/194/3.jpg
고등어찌개|어패류찌개.전골|600.0|601.62|80.2|8.15|5.62|4.27|1.23|2.62|44.37|0.74|23.35|111.84|253.09|430.68|0.47|0.09|0.0|0.0|0.06|0.08|2.78|0.0|0.0|0.0|290.97|26.01|0.0|0.0|1.18|0.0|0.0|0.05|0.0|food/195/1.jpg|food/195/2.jpg|food/195/3.jpg
꽁치찌개|어패류찌개.전골|300.0|355.0|78.37|8.0|7.77|4.07|1.97|3.13|73.31|0.95|21.61|116.86|225.49|432.13|0.47|0.06|0.0|0.0|0.01|0.12|4.25|1.71|0.0|0.0|295.64|21.11|0.0|0.0|1.63|0.0|0.0|0.97|0.0|food/196/1.jpg|food/196/2.jpg|food/196/3.jpg
동태찌개|어패류찌개.전골|200.0|87.22|89.57|6.11|1.36|1.72|0.12|1.78|33.29|455.0|21.1|87.26|174.19|273.3|0.58|0.02|0.0|0.0|0.16|1.92|1.18|0.0|5728.56|0.0|243.94|26.67|0.0|0.0|0.2|0.0|0.0|0.01|0.0|food/197/1.jpg|food/197/2.jpg|food/197/3.jpg
부대찌개|육류찌개.전골|600.0|737.25|76.24|5.86|6.48|10.26|0.18|2.31|20.5|633.33|22.21|85.72|170.22|239.26|0.57|0.05|0.0|0.0|0.0|0.2|0.21|0.48|4824.87|0.0|238.3|11.05|0.0|0.0|1.68|0.0|0.0|0.05|0.0|food/54/1.jpg|food/54/2.jpg|food/54/3.jpg
된장찌개|채소류찌개.전골|200.0|91.91|89.28|3.38|1.63|4.43|0.0|1.59|20.65|700.0|24.8|55.2|150.68|317.99|0.17|0.12|0.0|0.0|0.49|0.03|0.0|0.0|3269.33|0.0|171.6|0.0|0.0|0.0|0.26|0.0|0.0|0.0|0.0|food/352/1.jpg|food/352/2.jpg|food/352/3.jpg
청국장찌개|채소류찌개.전골|200.0|93.59|89.84|5.03|2.11|1.92|0.0|1.72|26.74|720.0|30.9|69.56|156.85|242.44|0.62|0.14|0.0|0.0|0.0|0.06|0.0|0.0|4311.77|0.0|215.2|2.6|0.0|0.0|0.44|0.0|0.0|0.0|0.0|food/353/1.jpg|food/353/2.jpg|food/353/3.jpg
두부전골|채소류찌개.전골|500.0|315.16|86.78|5.12|3.22|3.42|0.7|1.48|82.3|0.8|28.04|87.19|144.41|330.15|0.56|0.14|0.0|0.0|0.08|0.04|0.77|0.98|0.0|0.0|247.45|1.77|0.0|0.0|0.48|0.0|0.0|0.0|0.0|food/198/1.jpg|food/198/2.jpg|food/198/3.jpg
곱창전골|육류찌개.전골|600.0|529.0|82.48|6.93|4.55|4.87|0.38|2.2|24.82|1.06|15.48|70.65|120.97|296.6|0.8|0.07|0.0|0.0|0.08|0.1|0.1|0.72|0.0|0.0|262.02|75.53|0.0|0.0|1.38|0.0|0.0|0.08|0.0|food/55/1.jpg|food/55/2.jpg|food/55/3.jpg
소고기전골|육류찌개.전골|100.0|175.0|0.0|7.0|11.0|12.0|0.0|0.0|0.0|0.0|0.0|0.0|0.0|455.0|0.0|0.0|0.0|0.0|0.0|0.0|0.0|0.0|0.0|0.0|0.0|11.0|0.0|0.0|2.8|0.0|0.0|0.2|0.0|food/199/1.jpg|food/199/2.jpg|food/199/3.jpg
국수전골|육류찌개.전골|300.0|458.0|0.0|2.45|5.85|24.89|1.7|3.87|0.0|0.0|0.0|0.0|240.0|220.33|0.0|0.0|0.0|0.0|0.0|0.0|0.0|0.0|0.0|0.0|0.0|0.0|0.0|0.0|0.9|2.43|0.0|0.0|0.0|food/400/1.jpg|food/400/2.jpg|food/400/3.jpg
김치찌개|채소류찌개.전골|400.0|243.03|87.86|3.77|3.75|2.98|0.76|2.1|37.94|3.8|0.0|52.68|159.92|490.54|0.0|0.0|0.0|0.0|0.27|0.2|0.0|0.0|0.0|0.0|0.0|6.29|0.0|0.0|0.69|0.0|0.0|0.01|0.0|food/354/1.jpg|food/354/2.jpg|food/354/3.jpg
버섯찌개|채소류찌개.전골|400.0|167.56|89.98|3.68|1.3|3.85|1.1|1.98|17.69|0.56|14.22|55.62|163.76|323.47|0.74|0.06|0.0|0.0|0.05|0.06|0.17|0.17|0.0|0.0|148.99|4.14|0.0|0.0|0.32|0.0|0.0|0.02|0.0|food/200/1.jpg|food/200/2.jpg|food/200/3.jpg
새우젓두부찌개|채소류찌개.전골|300.0|166.0|88.07|5.4|2.7|2.4|0.57|2.03|75.38|0.77|29.36|82.73|134.63|374.36|0.52|0.1|0.0|0.0|0.04|0.04|0.04|0.08|0.0|0.0|247.71|3.57|0.0|0.0|0.53|0.0|0.0|0.0|0.0|food/201/1.jpg|food/201/2.jpg|food/201/3.jpg
순두부찌개|채소류찌개.전골|200.0|85.54|91.04|4.53|2.16|1.3|0.6|1.05|11.77|580.0|14.54|52.72|155.29|213.32|0.2|0.08|0.0|0.0|0.51|0.06|0.1|0.0|3455.46|0.0|159.74|8.57|0.0|0.0|0.45|0.0|0.0|0.0|0.0|food/355/1.png|food/355/2.jpg|food/355/3.jpg
콩비지찌개|채소류찌개.전골|400.0|275.73|85.22|6.74|3.08|3.57|3.24|2.04|22.51|587.5|24.46|82.82|277.36|289.01|0.55|0.12|0.0|0.0|0.03|0.07|0.0|2.14|6261.6|0.0|303.84|7.12|0.0|0.0|0.51|0.0|0.0|0.01|0.0|food/202/1.jpg|food/202/2.jpg|food/202/3.jpg
햄김치찌개|육류찌개.전골|300.0|189.0|86.9|3.7|3.47|4.23|1.2|2.77|33.86|0.51|18.49|71.53|182.23|527.68|0.39|0.05|0.0|0.0|0.06|0.06|0.03|0.24|0.0|0.0|134.04|9.71|0.0|0.0|1.23|0.0|0.0|0.03|0.0|food/203/1.jpg|food/203/2.jpg|food/203/3.jpg
호박찌개|채소류찌개.전골|300.0|95.0|91.97|1.87|0.87|4.07|1.93|1.37|27.54|0.4|17.24|37.39|157.02|341.37|0.26|0.04|0.0|0.0|0.03|0.04|0.05|0.92|0.0|0.0|68.29|3.09|0.0|0.0|0.13|0.0|0.0|0.0|0.0|food/204/1.jpg|food/204/2.jpg|food/204/3.jpg
대구찜|어패류찜|500.0|376.42|81.4|10.34|1.58|4.94|1.14|1.74|84.79|0.64|25.25|134.92|238.77|379.73|0.47|0.06|0.0|0.0|0.06|0.07|1.09|0.0|0.0|0.0|386.47|52.66|0.0|0.0|0.22|0.0|0.0|0.0|0.0|food/205/1.jpg|food/205/2.jpg|food/205/3.jpg
도미찜|어패류찜|100.0|125.51|69.86|23.0|3.48|0.54|0.0|1.38|59.16|0.66|51.37|272.17|369.06|839.96|0.73|0.02|0.0|0.0|0.02|0.24|0.0|1.73|0.0|0.0|871.28|99.01|0.0|0.0|0.91|0.0|0.0|0.02|0.0|food/206/1.jpg|food/206/2.jpg|food/206/3.jpg
동태찜|어패류찜|500.0|394.32|80.96|10.18|1.94|5.16|1.14|1.94|73.81|0.71|26.88|125.0|238.04|397.12|0.52|0.08|0.0|0.0|0.05|0.08|1.3|0.13|0.0|0.0|367.74|56.84|0.0|0.0|0.32|0.0|0.0|0.02|0.0|food/207/1.jpg|food/207/2.jpg|food/207/3.jpg
문어숙회|어패류찜|80.0|66.91|78.85|18.58|0.63|0.91|0.0|1.08|14.9|0.16|38.05|130.23|98.64|260.41|2.34|0.41|0.0|0.0|0.0|0.07|0.0|1.39|0.0|0.0|581.54|175.14|0.0|0.0|0.15|0.0|0.0|0.0|0.0|food/208/1.jpg|food/208/2.jpg|food/208/3.jpg
민어찜|어패류찜|100.0|136.88|68.99|21.47|5.91|0.0|0.0|1.12|52.11|0.42|55.97|176.56|262.31|1089.43|0.65|0.02|0.0|0.0|0.04|0.14|0.0|0.0|0.0|0.0|871.99|97.77|0.0|0.0|1.67|0.0|0.0|0.04|0.0|food/209/1.jpg|food/209/2.jpg|food/209/3.jpg
병어찜|어패류찜|100.0|179.69|67.01|18.86|11.51|0.16|0.0|0.44|28.37|0.3|45.52|201.47|274.47|650.98|0.73|0.01|0.0|0.0|0.06|0.14|0.0|0.0|0.0|0.0|685.57|71.92|0.0|0.0|3.59|0.0|0.0|0.06|0.0|food/210/1.jpg|food/210/2.jpg|food/210/3.jpg
북어찜|어패류찜|150.0|235.0|63.07|18.73|3.8|12.0|4.27|2.0|114.21|0.86|34.25|182.99|257.22|600.65|0.71|0.07|0.0|0.0|0.11|0.12|0.12|0.0|0.0|0.0|769.19|102.07|0.0|0.0|0.6|0.0|0.0|0.07|0.0|food/211/1.jpg|food/211/2.jpg|food/211/3.jpg
아귀찜|어패류찜|200.0|168.18|81.28|6.72|3.13|7.26|2.73|3.06|26.41|1400.0|27.51|109.08|267.33|391.55|0.55|0.12|0.0|0.0|1.39|0.14|1.46|1.62|6661.4|0.0|275.04|51.39|0.0|0.0|0.48|0.0|0.0|0.02|0.0|food/212/1.jpg|food/212/2.png|food/212/3.jpg
전어찜|어패류찜|100.0|278.22|55.57|17.28|22.97|0.6|0.0|2.79|617.72|4.63|52.74|476.8|285.46|447.4|1.94|0.04|0.0|0.0|0.16|0.19|0.0|14.94|0.0|0.0|683.29|97.88|0.0|0.0|6.8|0.0|0.0|0.13|0.0|food/213/1.jpg|food/213/2.jpg|food/213/3.jpg
조기찜|어패류찜|100.0|182.12|65.01|20.06|10.59|1.64|0.0|0.39|121.22|0.48|41.44|226.76|262.37|602.03|0.63|0.02|0.0|0.0|0.0|0.2|0.0|0.43|0.0|0.0|729.14|138.43|0.0|0.0|2.85|0.0|0.0|0.08|0.0|food/214/1.jpg|food/214/2.jpg|food/214/3.jpg
참꼬막|어패류찜|80.0|90.79|73.78|15.59|3.13|5.74|0.0|2.17|78.33|12.01|60.16|156.62|186.68|292.7|2.34|0.11|0.0|0.0|0.13|0.17|0.0|0.0|0.0|0.0|602.94|81.29|0.0|0.0|0.47|0.0|0.0|0.02|0.0|food/215/1.jpg|food/215/2.jpg|food/215/3.jpg
해물찜|어패류찜|500.0|400.08|80.56|8.52|1.96|7.08|1.1|2.1|113.2|1.6|37.76|117.18|225.28|427.44|0.97|0.25|0.0|0.0|0.01|0.07|2.95|0.0|0.0|0.0|319.69|83.83|0.0|0.0|0.3|0.0|0.0|0.0|0.0|food/216/1.jpg|food/216/2.jpg|food/216/3.jpg
홍어찜|어패류찜|250.0|202.67|78.43|18.85|0.41|0.49|0.49|0.83|257.21|0.48|28.46|248.18|205.88|257.98|0.61|0.08|0.0|0.0|0.0|0.03|0.0|0.59|0.0|0.0|604.23|94.05|0.0|0.0|0.14|0.0|0.0|0.0|0.0|food/217/1.jpg|food/217/2.jpg|food/217/3.jpg
닭갈비|육류구이|400.0|595.61|69.1|11.48|6.45|11.22|5.3|2.9|24.66|0.84|26.1|126.31|300.06|383.96|0.89|0.08|0.0|0.0|0.06|0.09|0.28|1.38|0.0|0.0|457.54|48.35|0.0|0.0|1.5|0.0|0.0|0.05|0.0|food/56/1.jpg|food/56/2.jpg|food/56/3.jpg
닭꼬치|육류구이|70.0|176.72|50.44|16.52|12.24|19.07|4.5|2.96|25.25|10.91|0.0|175.43|218.09|409.87|0.0|0.0|0.0|0.0|0.32|0.26|0.0|0.0|0.0|0.0|0.0|44.92|0.0|0.0|3.31|0.0|0.0|0.06|0.0|food/218/1.jpg|food/218/2.jpg|food/218/3.jpg
돼지갈비|육류구이|100.0|240.32|56.3|19.5|14.4|8.1|4.5|0.3|47.21|0.92|20.74|156.16|280.71|404.66|2.75|0.07|0.0|0.0|0.31|0.14|0.0|0.0|0.0|0.0|839.22|49.34|0.0|0.0|4.7|0.0|0.0|0.1|0.0|food/10/1.jpg|food/10/2.jpg|food/10/3.jpg
떡갈비|육류전|200.0|403.4|62.42|21.38|11.82|2.46|0.4|1.06|21.58|2900.0|19.02|170.44|299.3|403.8|6.7|0.06|0.0|0.0|0.0|0.24|2.87|0.77|19397.12|0.0|802.55|68.04|0.0|0.0|4.29|0.0|0.0|0.42|0.0|food/11/1.jpg|food/11/2.jpg|food/11/3.jpg
불고기|육류구이|150.0|395.29|53.4|22.93|16.8|5.2|5.27|0.8|8.21|2.42|24.15|200.47|387.03|373.81|6.49|1.37|0.0|0.0|0.05|0.16|0.0|0.0|0.0|0.0|958.62|45.9|0.0|0.0|4.4|0.0|0.0|0.27|0.0|food/12/1.jpg|food/12/2.jpg|food/12/3.jpg
소곱창구이|육류구이|150.0|275.96|64.82|14.89|11.73|4.71|1.11|2.13|29.31|1506.67|23.18|164.75|272.39|1314.58|1.95|0.26|0.0|0.0|0.92|0.3|9.91|0.19|14101.2|0.0|564.07|196.11|0.0|0.0|4.11|0.0|0.0|0.31|0.0|food/380/1.jpg|food/380/2.jpg|food/380/3.jpg
소양념갈비구이|육류구이|300.0|989.15|45.67|20.03|23.87|8.73|4.63|2.5|28.42|2.11|19.7|137.66|210.71|459.48|6.35|0.08|0.0|0.0|0.08|0.12|2.73|0.09|0.0|0.0|839.09|62.21|0.0|0.0|9.07|0.0|0.0|1.17|0.0|food/219/1.jpg|food/219/2.webp|food/219/3.jpg
소불고기|육류구이|200.0|339.22|67.9|16.41|9.66|4.26|3.24|3.54|18.73|2295.0|22.56|153.2|308.64|417.9|4.66|0.1|0.0|0.0|0.1|0.2|1.7|4.35|14823.34|0.0|658.38|50.02|0.0|0.0|3.25|0.0|0.0|0.2|0.0|food/57/1.jpg|food/57/2.jpg|food/57/3.jpg
양념왕갈비|육류구이|150.0|480.81|47.87|18.07|23.53|9.13|4.53|0.93|20.81|1.95|17.53|116.5|188.67|365.84|5.51|0.07|0.0|0.0|0.0|0.07|0.0|0.0|0.0|0.0|771.03|39.01|0.0|0.0|8.67|0.0|0.0|1.47|0.0|food/220/1.jpg|food/220/2.jpg|food/220/3.jpg
햄버거스테이크|식육함유가공품|150.0|555.75|0.0|25.65|27.75|4.65|9.11|0.0|0.0|0.0|0.0|0.0|0.0|82.5|0.0|0.0|0.0|0.0|0.0|0.0|0.0|0.0|0.0|0.0|0.0|0.0|0.0|0.0|0.0|0.0|0.0|0.0|0.0|food/381/1.jpg|food/381/2.jpg|food/381/3.jpg
훈제오리|육류구이|250.0|797.14|50.59|17.22|25.63|4.83|0.11|0.54|15.4|1.67|16.46|249.47|198.57|488.15|1.69|0.25|0.0|0.0|0.24|0.24|0.0|19.08|0.0|0.0|669.39|68.4|0.0|0.0|6.39|0.0|0.0|0.16|0.0|food/221/1.jpg|food/221/2.jpg|food/221/3.jpg
치킨데리야끼|육류구이|340.0|707.64|57.98|16.54|9.01|15.21|0.11|1.4|16.17|532.35|20.28|121.74|233.17|266.51|1.14|0.06|0.0|0.0|0.1|0.12|0.14|21.46|11550.22|0.0|500.19|53.29|0.0|0.0|2.59|0.0|0.0|0.06|0.0|food/13/1.jpg|food/13/2.jpg|food/13/3.jpg
치킨윙|치킨류|200.0|386.0|0.0|24.0|0.0|0.0|2.5|0.0|0.0|0.0|0.0|0.0|0.0|681.5|0.0|0.0|0.0|0.0|0.0|0.0|0.0|0.0|0.0|0.0|0.0|0.0|0.0|0.0|1.5|0.0|0.0|0.0|0.0|food/222/1.jpg|food/222/2.jpg|food/222/3.jpg
더덕구이|채소류구이|100.0|184.0|58.1|3.1|5.2|31.1|11.6|6.8|46.42|1.43|38.21|88.17|262.44|743.37|0.59|0.13|0.0|0.0|0.23|0.08|0.0|1.34|0.0|0.0|82.78|0.12|0.0|0.0|0.8|0.0|0.0|0.0|0.0|food/223/1.jpg|food/223/2.jpg|food/223/3.jpg
양배추구이|채소류|100.0|32.0|90.0|1.71|0.12|7.56|5.2|2.4|43.0|310.0|14.0|38.0|240.0|7.0|0.15|0.01|0.0|14.26|0.11|0.04|0.0|40.26|1420.0|364.0|28.0|0.0|0.12|0.08|0.03|0.08|0.06|0.0|29.0|food/382/1.jpg|food/382/2.jpg|food/382/3.jpg
두부구이|채소류구이|65.0|91.12|0.0|10.8|8.83|4.38|0.0|0.0|0.0|0.0|0.0|0.0|0.0|3.03|0.0|0.0|0.0|0.0|0.0|0.0|0.0|0.0|0.0|0.0|0.0|0.0|0.0|0.0|0.0|0.0|0.0|0.0|0.0|food/224/1.jpg|food/224/2.jpg|food/224/3.jpg
가자미전|어패류전|150.0|230.28|68.43|17.17|7.38|4.61|0.2|0.91|231.23|0.51|30.36|247.4|226.84|546.24|0.85|0.01|0.0|0.0|0.11|0.13|0.0|0.0|0.0|0.0|561.31|117.51|0.0|0.0|1.5|0.0|0.0|0.04|0.0|food/225/1.jpg|food/225/2.jpg|food/225/3.jpg
굴전|어패류전|100.0|195.0|62.9|10.6|10.5|14.5|1.3|2.4|36.24|3.21|32.61|160.08|194.56|325.7|8.35|1.74|0.0|0.0|0.07|0.3|8.6|17.67|0.0|0.0|440.73|96.88|0.0|0.0|2.1|0.0|0.0|0.1|0.0|food/226/1.jpg|food/226/2.jpg|food/226/3.jpg
해물파전|어패류전|150.0|256.14|66.67|5.5|8.4|18.29|0.82|1.63|43.1|2346.67|16.28|92.17|127.07|299.57|0.46|0.07|0.0|0.0|0.21|0.08|3.79|0.26|5145.56|0.0|272.17|50.72|0.0|0.0|1.04|0.0|0.0|0.03|0.0|food/228/1.jpg|food/228/2.jpg|food/228/3.jpg
동그랑땡|육류전|150.0|309.2|63.52|13.08|13.33|8.45|0.65|2.43|65.6|1.36|27.47|164.2|229.53|368.72|1.3|0.16|0.0|0.0|0.21|0.18|0.0|0.0|0.0|0.0|902.31|68.84|0.0|0.0|3.1|0.0|0.0|0.08|0.0|food/229/1.jpg|food/229/2.jpg|food/229/3.jpg
햄부침|육류전|100.0|244.0|58.0|11.3|17.1|11.3|1.0|1.6|33.46|1.0|15.93|188.07|177.64|715.66|1.05|0.04|0.0|0.0|0.19|0.12|0.12|5.46|0.0|0.0|480.9|72.11|0.0|0.0|4.4|0.0|0.0|0.1|0.0|food/230/1.jpg|food/230/2.jpg|food/230/3.jpg
육전|육류전|200.0|403.4|62.42|21.38|11.82|2.46|0.4|1.06|21.58|2900.0|19.02|170.44|299.3|403.8|6.7|0.06|0.0|0.0|0.0|0.24|2.87|0.77|19397.12|0.0|802.55|68.04|0.0|0.0|4.29|0.0|0.0|0.42|0.0|food/383/1.jpg|food/383/2.jpg|food/383/3.jpg
감자전|채소류전|200.0|265.62|73.47|1.72|6.54|16.79|1.81|2.02|8.76|360.0|19.42|45.58|405.52|293.29|0.24|0.1|0.0|0.0|0.08|0.03|0.0|1.51|1469.83|0.0|62.15|0.0|0.0|0.0|0.88|0.0|0.0|0.04|0.0|food/231/1.jpg|food/231/2.jpg|food/231/3.jpg
고추전|채소류전|150.0|274.69|67.39|8.61|11.48|11.34|1.45|4.98|44.12|0.83|20.73|110.98|207.42|241.47|0.85|0.15|0.0|0.0|0.13|0.13|0.0|6.58|0.0|0.0|374.46|52.54|0.0|0.0|2.35|0.0|0.0|0.06|0.0|food/232/1.jpg|food/232/2.jpg|food/232/3.jpg
김치전|채소류전|150.0|201.08|70.45|5.05|4.2|19.01|4.21|2.45|43.07|626.67|16.95|72.36|207.99|240.09|0.44|0.04|0.0|0.0|0.08|0.13|0.17|1.47|3442.8|0.0|181.06|54.91|0.0|0.0|0.87|0.0|0.0|0.04|0.0|food/14/1.jpg|food/14/2.jpg|food/14/3.jpg
깻잎전|채소류전|150.0|361.1|59.81|11.82|17.18|9.7|0.71|3.07|73.46|1.35|27.83|155.99|214.34|320.1|1.24|0.16|0.0|0.0|0.17|0.19|0.0|0.0|0.0|0.0|537.87|87.86|0.0|0.0|3.62|0.0|0.0|0.1|0.0|food/233/1.jpg|food/233/2.jpg|food/233/3.jpg
녹두빈대떡|부침류|100.0|207.94|59.54|7.94|10.27|20.93|0.1|4.62|21.13|0.97|35.86|126.17|265.32|232.05|0.84|0.22|0.0|0.0|0.14|0.13|0.0|1.69|0.0|0.0|452.73|12.48|0.0|0.0|2.26|0.0|0.0|0.06|0.0|food/234/1.jpg|food/234/2.jpg|food/234/3.jpg
미나리전|채소류전|150.0|226.41|67.82|3.49|5.08|22.82|1.16|2.5|21.69|0.34|12.73|46.17|132.45|165.8|0.22|0.02|0.0|0.0|0.0|0.13|0.0|0.0|0.0|0.0|173.63|7.92|0.0|0.0|0.82|0.0|0.0|0.04|0.0|food/235/1.jpg|food/235/2.jpg|food/235/3.jpg
배추전|채소류전|150.0|240.75|66.2|3.44|5.78|23.68|3.35|3.01|32.02|0.4|14.66|52.13|121.19|217.88|0.3|0.02|0.0|0.0|0.09|0.08|0.0|0.0|0.0|0.0|153.65|4.82|0.0|0.0|0.92|0.0|0.0|0.05|0.0|food/236/1.jpg|food/236/2.jpg|food/236/3.jpg
버섯전|채소류전|150.0|240.69|71.11|7.02|9.91|10.8|1.83|3.6|27.94|0.9|18.37|136.05|256.29|209.17|1.04|0.09|0.0|0.0|0.23|0.17|0.0|0.0|0.0|0.0|296.91|66.73|0.0|0.0|1.53|0.0|0.0|0.04|0.0|food/15/1.jpg|food/15/2.jpg|food/15/3.jpg
부추전|채소류전|150.0|251.22|62.25|4.63|4.17|27.86|8.28|2.85|20.77|506.67|12.95|46.04|172.89|246.73|0.27|0.05|0.0|0.0|0.0|0.11|0.0|0.17|4465.55|0.0|229.1|26.17|0.0|0.0|0.8|0.0|0.0|0.05|0.0|food/237/1.jpg|food/237/2.jpg|food/237/3.jpg
야채전|채소류전|100.0|194.0|62.2|5.4|9.5|21.6|2.4|3.1|28.29|0.69|15.94|86.92|179.17|321.52|0.66|0.08|0.0|0.0|0.08|0.23|0.23|3.85|0.0|0.0|256.36|43.15|0.0|0.0|2.1|0.0|0.0|0.1|0.0|food/238/1.jpg|food/238/2.jpg|food/238/3.jpg
파전|채소류전|150.0|292.8|61.92|4.56|9.35|23.2|0.52|4.13|31.31|0.51|12.99|67.94|126.45|230.64|0.29|0.04|0.0|0.0|0.12|0.24|0.0|0.63|0.0|0.0|179.77|30.76|0.0|0.0|1.51|0.0|0.0|0.05|0.0|food/16/1.jpg|food/16/2.jpg|food/16/3.jpg
호박부침개|채소류전|100.0|129.0|77.0|3.9|8.1|10.1|3.6|1.3|28.14|0.6|17.77|75.85|194.17|174.33|0.46|0.06|0.0|0.0|0.06|0.14|0.18|1.7|0.0|0.0|193.87|52.48|0.0|0.0|1.7|0.0|0.0|0.1|0.0|food/239/1.jpg|food/239/2.jpg|food/239/3.jpg
호박전|채소류전|150.0|208.1|75.23|4.32|8.73|10.73|1.9|4.58|32.0|0.69|19.29|83.49|205.23|184.64|0.43|0.03|0.0|0.0|0.06|0.07|0.0|0.0|0.0|0.0|201.11|61.68|0.0|0.0|1.56|0.0|0.0|0.04|0.0|food/17/1.jpg|food/17/2.jpg|food/17/3.jpg
달걀말이|기타 전.적|100.0|193.49|66.53|17.21|13.21|1.45|0.0|1.2|55.17|1740.0|11.84|185.6|144.44|449.07|1.1|0.05|0.0|0.0|0.0|0.44|1.58|0.31|13076.73|0.0|726.31|339.85|0.0|0.0|3.33|0.0|0.0|0.08|0.0|food/240/1.jpg|food/240/2.jpg|food/240/3.jpg
두부부침|채소류전|100.0|139.93|75.36|10.92|9.77|2.07|0.24|0.65|63.23|1780.0|104.38|193.41|213.27|429.11|1.36|0.23|0.0|0.0|0.0|0.05|0.0|0.76|10911.45|0.0|592.11|0.0|0.0|0.0|1.45|0.0|0.0|0.03|0.0|food/241/1.jpg|food/241/2.jpg|food/241/3.jpg
두부전|채소류전|150.0|254.64|69.22|13.64|10.58|5.0|0.02|2.79|169.17|2.0|66.95|201.89|162.86|211.44|1.3|0.24|0.0|0.0|0.0|0.05|0.0|0.0|0.0|0.0|638.04|2.19|0.0|0.0|1.34|0.0|0.0|0.03|0.0|food/18/1.jpg|food/18/2.jpg|food/18/3.jpg
건새우볶음|어패류볶음|20.0|60.83|28.1|41.55|12.95|5.4|4.05|7.25|3135.3|4550.0|226.4|761.45|631.4|1553.9|4.2|0.7|0.0|0.0|0.0|0.35|6.2|12.75|31433.1|0.0|1416.55|387.95|0.0|0.0|1.75|0.0|0.0|0.1|0.0|food/242/1.jpg|food/242/2.jpg|food/242/3.jpg
낙지볶음|어패류볶음|200.0|182.69|79.9|5.76|3.76|8.6|7.91|2.77|28.63|415.0|30.54|77.28|216.66|537.43|0.7|0.22|0.0|0.0|0.3|0.08|0.35|11.43|5259.78|0.0|207.18|44.76|0.0|0.0|0.43|0.0|0.0|0.02|0.0|food/243/1.jpg|food/243/2.jpg|food/243/3.png
멸치볶음|어패류볶음|50.0|138.0|27.46|39.44|7.08|13.62|11.6|10.12|1050.8|9660.0|299.38|1080.84|597.7|2606.1|4.3|0.08|0.0|0.0|0.1|0.08|10.94|3.6|31115.88|0.0|1391.52|368.7|0.0|0.0|1.28|0.0|0.0|0.04|0.0|food/19/1.jpg|food/19/2.jpg|food/19/3.jpg
어묵볶음|어패류볶음|140.0|275.24|57.59|8.41|7.29|24.33|6.31|2.49|42.57|692.86|22.18|89.76|130.3|817.64|0.49|0.12|0.0|0.0|2.58|0.04|0.12|0.14|8315.66|0.0|377.94|16.64|0.0|0.0|1.32|0.0|0.0|0.05|0.0|food/244/1.jpg|food/244/2.jpg|food/244/3.jpg
오징어볶음|어패류볶음|200.0|255.56|74.52|9.85|6.52|7.43|1.92|3.95|33.06|530.0|33.19|136.82|277.62|309.8|0.72|0.12|0.0|0.0|0.0|0.2|1.42|8.98|6395.89|0.0|273.36|109.18|0.0|0.0|1.0|0.0|0.0|0.04|0.0|food/356/1.jpg|food/356/2.jpg|food/356/3.jpg
오징어채볶음|어패류볶음|20.0|59.52|40.55|20.45|14.95|20.35|24.6|7.65|15.25|450.0|37.5|181.0|159.0|1319.5|1.95|0.15|0.0|0.0|2.6|0.05|2.5|9.05|21183.4|0.0|854.0|209.3|0.0|0.0|2.35|0.0|0.0|0.05|0.0|food/245/1.jpg|food/245/2.jpg|food/245/3.jpg
주꾸미볶음|어패류볶음|200.0|211.41|75.11|9.16|2.6|11.41|2.53|2.33|24.86|0.67|22.57|76.62|159.4|459.43|1.1|0.24|0.0|0.0|0.04|0.08|0.0|6.52|0.0|0.0|369.16|100.38|0.0|0.0|0.3|0.0|0.0|0.01|0.0|food/246/1.jpg|food/246/2.jpg|food/246/3.jpg
해물볶음|어패류볶음|400.0|419.06|76.53|9.55|3.82|8.05|1.85|2.3|106.09|2.06|41.86|139.11|231.25|438.79|1.19|0.3|0.0|0.0|0.0|0.07|3.24|4.29|0.0|0.0|340.8|82.4|0.0|0.0|0.52|0.0|0.0|0.02|0.0|food/20/1.jpg|food/20/2.jpg|food/20/3.jpg
감자볶음|채소류볶음|100.0|100.18|79.6|1.75|4.84|12.41|3.37|1.69|11.02|310.0|15.66|38.31|311.32|318.41|0.22|0.07|0.0|0.0|0.02|0.03|0.0|0.96|1338.45|0.0|60.94|0.0|0.0|0.0|0.63|0.0|0.0|0.03|0.0|food/247/1.jpg|food/247/2.jpg|food/247/3.jpg
김치볶음|채소류볶음|100.0|106.07|81.24|1.38|7.94|7.27|4.45|3.23|52.94|410.0|21.13|52.25|316.01|521.44|0.29|0.03|0.0|0.0|0.13|0.18|0.08|1.71|1263.52|0.0|65.97|4.66|0.0|0.0|0.87|0.0|0.0|0.08|0.0|food/21/1.jpg|food/21/2.jpg|food/21/3.jpg
깻잎나물볶음|채소류볶음|200.0|206.0|81.1|3.75|7.2|5.75|0.3|5.2|182.34|1.43|51.05|68.82|176.31|521.34|0.76|0.16|0.0|0.0|0.2|0.12|0.12|0.82|0.0|0.0|188.02|0.0|0.0|0.0|0.85|0.0|0.0|0.05|0.0|food/248/1.jpg|food/248/2.jpg|food/248/3.jpg
느타리버섯볶음|채소류볶음|50.0|47.09|82.54|2.8|6.2|6.78|4.24|4.46|4.94|480.0|16.74|86.08|186.92|523.68|0.68|0.06|0.0|0.0|0.0|0.12|0.0|3.62|1873.6|0.0|91.78|0.0|0.0|0.0|0.8|0.0|0.0|0.04|0.0|food/249/1.jpg|food/249/2.jpg|food/249/3.jpg
두부김치|채소류볶음|250.0|288.21|77.85|7.79|6.85|5.63|0.59|4.21|98.89|1.3|37.34|125.1|222.91|395.88|0.7|0.13|0.0|0.0|0.27|0.07|0.0|1.14|0.0|0.0|384.0|5.57|0.0|0.0|1.27|0.0|0.0|0.03|0.0|food/22/1.jpg|food/22/2.jpg|food/22/3.jpg
머위나물볶음|채소류볶음|150.0|108.0|86.07|2.33|4.67|5.07|1.2|3.53|71.65|0.71|28.62|54.38|179.09|479.09|0.39|0.11|0.0|0.0|0.09|0.05|0.05|1.25|0.0|0.0|104.37|0.0|0.0|0.0|0.53|0.0|0.0|0.0|0.0|food/250/1.jpg|food/250/2.jpg|food/250/3.jpg
양송이버섯볶음|채소류볶음|150.0|136.0|82.6|3.0|5.53|7.33|0.8|3.13|11.71|0.44|15.26|98.6|325.36|343.45|0.57|0.25|0.0|0.0|0.11|0.27|0.27|1.2|0.0|0.0|86.07|0.0|0.0|0.0|0.93|0.0|0.0|0.0|0.0|food/251/1.jpg|food/251/2.jpg|food/251/3.jpg
표고버섯볶음|채소류볶음|150.0|142.0|80.53|3.0|4.47|10.53|1.73|6.2|13.77|0.45|16.61|72.73|211.39|383.2|0.84|0.08|0.0|0.0|0.11|0.11|0.11|1.0|0.0|0.0|82.81|0.0|0.0|0.0|0.53|0.0|0.0|0.0|0.0|food/23/1.jpg|food/23/2.jpg|food/23/3.jpg
고추잡채|기타 볶음류|200.0|256.77|74.11|5.5|6.01|13.09|1.05|2.28|16.42|12.27|0.0|54.37|134.61|414.27|0.0|0.0|0.0|0.0|0.08|0.1|0.0|4.44|0.0|0.0|0.0|19.63|0.0|0.0|1.05|0.0|0.0|0.04|0.0|food/252/1.jpg|food/252/2.jpg|food/252/3.jpg
호박볶음|채소류볶음|50.0|29.52|87.96|1.32|3.62|5.3|0.42|2.42|33.82|380.0|20.06|40.28|235.0|446.78|0.28|0.06|0.0|0.0|0.0|0.08|0.04|0.0|1163.22|0.0|69.42|0.0|0.0|0.0|0.44|0.0|0.0|0.04|0.0|food/253/1.jpg|food/253/2.jpg|food/253/3.jpg
돼지고기볶음|육류볶음|200.0|350.67|67.09|11.48|10.33|9.11|4.1|1.51|21.51|7.99|0.0|103.03|284.03|525.88|0.0|0.0|0.0|0.0|0.24|0.26|0.0|0.37|0.0|0.0|0.0|28.94|0.0|0.0|2.56|0.0|0.0|0.08|0.0|food/254/1.jpg|food/254/2.jpg|food/254/3.jpg
돼지껍데기볶음|육류볶음|150.0|352.0|53.6|17.2|11.13|16.33|3.67|2.0|19.03|0.71|16.49|49.66|155.01|519.87|0.33|0.07|0.0|0.0|0.06|0.06|0.06|0.0|0.0|0.0|390.53|31.83|0.0|0.0|3.27|0.0|0.0|0.07|0.0|food/255/1.jpg|food/255/2.jpg|food/255/3.jpg
소세지볶음|육류볶음|200.0|471.0|57.5|9.4|14.95|15.9|4.45|1.4|45.36|1.0|16.9|143.78|208.71|718.03|0.86|0.06|0.0|0.0|0.9|0.08|0.08|9.01|0.0|0.0|358.31|30.13|0.0|0.0|4.4|0.0|0.0|0.1|0.0|food/256/1.jpg|food/256/2.jpg|food/256/3.jpg
순대볶음|육류볶음|400.0|582.0|68.85|5.18|5.32|19.18|1.35|2.68|33.24|2.68|18.64|58.33|140.1|375.09|0.54|0.08|0.0|0.0|0.23|0.06|0.06|0.0|0.0|0.0|196.52|35.43|0.0|0.0|1.27|0.0|0.0|0.02|0.0|food/357/1.jpg|food/357/2.jpg|food/357/3.jpg
오리불고기|육류구이|250.0|361.52|73.36|6.75|9.05|9.05|6.29|3.64|14.36|952.0|20.42|93.96|302.4|467.42|0.72|0.16|0.0|0.0|1.68|0.2|0.4|2.62|6063.16|0.0|267.26|31.13|0.0|0.0|2.04|0.0|0.0|0.05|0.0|food/257/1.gif|food/257/2.jpg|food/257/3.jpg
오삼불고기|육류볶음|200.0|363.0|65.1|12.8|9.95|10.25|3.8|2.05|21.44|0.8|31.15|163.54|285.23|442.55|1.31|0.14|0.0|0.0|0.32|0.12|0.12|0.13|0.0|0.0|495.46|92.23|0.0|0.0|2.6|0.0|0.0|0.05|0.0|food/358/1.jpg|food/358/2.jpg|food/358/3.jpg
떡볶이|떡볶이류|180.0|260.02|66.32|3.51|2.96|25.96|4.4|1.04|14.33|177.78|12.72|46.01|84.36|390.62|0.34|0.08|0.0|0.0|0.13|0.06|0.0|1.92|3028.52|0.0|153.81|2.34|0.0|0.0|0.28|0.0|0.0|0.01|0.0|food/359/1.jpg|food/359/2.jpg|food/359/3.jpg
라볶이|떡볶이류|200.0|268.47|71.17|2.83|4.7|20.14|0.94|1.93|51.28|230.0|9.44|34.94|105.92|311.14|0.16|0.06|0.0|0.0|0.0|0.3|0.0|0.0|2334.45|0.0|111.14|2.52|0.0|0.0|1.46|0.0|0.0|0.02|0.0|food/258/1.jpg|food/258/2.jpg|food/258/3.jpg
마파두부|채소류볶음|160.0|174.33|79.29|7.29|6.48|5.36|2.45|2.19|28.81|1031.25|38.54|94.82|114.69|352.16|0.62|0.13|0.0|0.0|4.29|0.01|0.09|3.61|6496.04|0.0|328.95|6.79|0.0|0.0|1.04|0.0|0.0|0.02|0.0|food/360/1.jpg|food/360/2.jpg|food/360/3.jpg
가자미조림|어패류조림|300.0|297.98|75.9|12.37|2.37|7.17|3.5|1.8|76.25|0.51|27.21|148.44|279.21|564.28|0.64|0.04|0.0|0.0|0.11|0.09|2.12|1.39|0.0|0.0|485.26|75.99|0.0|0.0|0.43|0.0|0.0|0.03|0.0|food/259/1.jpg|food/259/2.jpg|food/259/3.jpg
갈치조림|어패류조림|100.0|100.82|75.96|12.72|2.81|6.16|6.29|2.63|35.99|520.0|31.64|157.05|375.48|567.55|0.52|0.12|0.0|0.0|0.0|0.08|1.78|0.85|12213.6|0.0|496.92|50.49|0.0|0.0|0.59|0.0|0.0|0.02|0.0|food/24/1.jpg|food/24/2.jpg|food/24/3.jpg
고등어조림|어패류조림|100.0|141.01|73.94|11.25|8.84|4.1|3.39|2.45|48.66|810.0|28.11|147.86|346.04|389.57|0.53|0.09|0.0|0.0|0.68|0.17|3.5|1.75|10529.75|0.0|452.2|30.05|0.0|0.0|2.14|0.0|0.0|0.05|0.0|food/25/1.jpg|food/25/2.jpg|food/25/3.jpg
꽁치조림|어패류조림|100.0|243.51|59.64|15.52|17.87|5.14|4.05|3.56|77.59|1290.0|28.18|203.28|310.18|349.67|0.74|0.15|0.0|0.0|2.65|0.25|9.47|2.72|15133.78|0.0|633.02|32.81|0.0|0.0|3.52|0.0|0.0|2.48|0.0|food/260/1.jpg|food/260/2.jpg|food/260/3.jpg
동태조림|어패류조림|250.0|276.0|72.4|16.32|1.88|6.96|4.08|1.68|134.62|0.58|35.15|185.92|307.0|556.68|0.71|0.04|0.0|0.0|0.13|0.12|1.88|0.42|0.0|0.0|635.53|87.38|0.0|0.0|0.44|0.0|0.0|0.08|0.0|food/261/1.jpg|food/261/2.jpg|food/261/3.jpg
북어조림|어패류조림|100.0|181.86|55.73|20.83|3.33|17.14|8.2|2.07|154.9|0.7|37.2|207.26|269.65|765.95|0.75|0.09|0.0|0.0|0.11|0.12|0.0|3.41|0.0|0.0|821.69|99.63|0.0|0.0|0.67|0.0|0.0|0.05|0.0|food/262/1.jpg|food/262/2.jpg|food/262/3.jpg
조기조림|어패류조림|300.0|384.0|73.63|13.7|6.27|4.27|1.5|2.17|112.61|0.58|32.14|154.17|265.13|590.41|0.57|0.04|0.0|0.0|0.09|0.09|0.09|0.26|0.0|0.0|494.27|76.06|0.0|0.0|1.67|0.0|0.0|0.03|0.0|food/263/1.jpg|food/263/2.jpg|food/263/3.jpg
코다리조림|어패류조림|100.0|86.06|76.9|16.46|0.4|4.16|3.67|12.85|73.34|580.0|39.78|162.65|352.9|465.52|0.6|0.06|0.0|0.0|0.0|0.22|1.77|6.72|15920.32|0.0|639.16|66.8|0.0|0.0|0.17|0.0|0.0|0.02|0.0|food/264/1.jpg|food/264/2.jpg|food/264/3.jpg
달걀장조림|기타 조림류|100.0|138.11|72.35|9.85|7.12|8.67|6.87|1.54|38.08|1450.0|15.76|133.75|179.65|627.5|0.8|0.04|0.0|0.0|0.04|0.37|0.59|0.16|8644.03|0.0|476.56|246.68|0.0|0.0|2.07|0.0|0.0|0.03|0.0|food/265/1.jpg|food/265/2.jpg|food/265/3.jpg
메추리알장조림|기타 조림류|100.0|202.86|63.6|14.25|13.41|6.3|3.48|0.76|74.26|2930.0|20.74|269.4|131.51|754.51|1.79|0.1|0.0|0.0|0.03|0.35|5.11|1.3|13631.1|0.0|761.25|389.45|0.0|0.0|4.18|0.0|0.0|0.08|0.0|food/58/1.jpg|food/58/2.jpg|food/58/3.jpg
돼지고기메추리알장조림|육류조림|50.0|63.49|69.35|16.67|3.7|6.74|2.55|1.05|17.69|1.11|18.98|132.07|201.32|1165.97|1.62|0.1|0.0|0.0|0.27|0.16|0.0|0.06|0.0|0.0|717.88|95.28|0.0|0.0|0.88|0.0|0.0|0.01|0.0|food/266/1.jpg|food/266/2.jpg|food/266/3.jpg
소고기메추리알장조림|육류조림|50.0|60.65|70.76|16.27|3.68|5.77|1.43|1.16|16.91|1.59|17.84|115.23|173.09|1204.24|2.8|0.12|0.0|0.0|0.11|0.14|0.0|0.05|0.0|0.0|729.6|83.03|0.0|0.0|0.9|0.0|0.0|0.03|0.0|food/267/1.jpg|food/267/2.jpg|food/267/3.jpg
고추조림|채소류조림|100.0|111.0|75.8|3.3|4.9|13.4|7.1|4.0|45.91|0.93|30.15|69.27|290.95|779.1|0.45|0.09|0.0|0.0|0.12|0.03|0.28|6.07|0.0|0.0|127.07|7.09|0.0|0.0|0.7|0.0|0.0|0.0|0.0|food/268/1.jpg|food/268/2.jpg|food/268/3.jpg
연근조림|채소류조림|50.0|87.19|60.26|2.68|5.1|29.42|2.78|2.6|33.24|1540.0|19.56|54.9|258.04|661.16|0.46|0.04|0.0|0.0|0.0|0.1|0.0|5.3|1994.04|0.0|99.16|0.0|0.0|0.0|0.64|0.0|0.0|0.02|0.0|food/269/1.jpg|food/269/2.jpg|food/269/3.jpg
우엉조림|채소류조림|30.0|56.54|53.0|4.8|3.33|34.8|28.43|5.77|75.1|1133.33|66.2|147.33|388.37|1173.9|0.63|0.13|0.0|0.0|0.0|0.1|0.0|4.3|3761.8|0.0|163.37|0.0|0.0|0.0|0.53|0.0|0.0|0.07|0.0|food/270/1.jpg|food/270/2.jpg|food/270/3.jpg
알감자조림|채소류조림|50.0|56.79|74.08|2.4|3.52|18.1|7.68|1.82|17.52|460.0|23.5|56.02|401.36|487.04|0.3|0.08|0.0|0.0|0.0|0.04|0.0|0.7|1979.98|0.0|86.82|0.0|0.0|0.0|0.42|0.0|0.0|0.02|0.0|food/384/1.jpg|food/384/2.jpg|food/384/3.jpg
두부간장조림|기타 조림류|50.0|71.55|74.96|9.64|9.66|4.4|3.64|0.8|53.42|1480.0|84.12|151.44|186.72|161.32|1.16|0.2|0.0|0.0|0.96|0.06|0.0|0.64|9352.56|0.0|506.88|0.0|0.0|0.0|1.36|0.0|0.0|0.02|0.0|food/385/1.jpg|food/385/2.jpg|food/385/3.jpg
콩조림|기타 조림류|30.0|84.27|35.33|17.97|7.73|34.83|3.53|15.6|90.67|3333.33|88.83|250.97|602.17|867.7|2.17|0.43|0.0|0.0|0.0|0.1|0.0|3.67|16758.73|0.0|903.23|0.0|0.0|0.0|0.67|0.0|0.0|0.0|0.0|food/26/1.jpg|food/26/2.jpg|food/26/3.jpg
두부고추장조림|기타 조림류|50.0|71.55|74.96|9.64|9.66|4.4|3.64|0.8|53.42|1480.0|84.12|151.44|186.72|161.32|1.16|0.2|0.0|0.0|0.96|0.06|0.0|0.64|9352.56|0.0|506.88|0.0|0.0|0.0|1.36|0.0|0.0|0.02|0.0|food/386/1.jpg|food/386/2.jpg|food/386/3.jpg
땅콩조림|기타 조림류|20.0|96.52|21.65|18.75|36.4|19.95|9.85|10.25|87.65|1600.0|171.35|339.45|517.95|573.7|1.95|0.5|0.0|0.0|0.0|0.1|0.0|2.0|16407.75|0.0|921.3|0.0|0.0|0.0|5.8|0.0|0.0|0.05|0.0|food/271/1.jpg|food/271/2.jpg|food/271/3.jpg
미꾸라지튀김|어패류튀김|100.0|387.49|32.1|10.89|25.39|28.85|0.3|3.46|536.58|1.34|29.5|437.92|173.35|324.47|1.35|0.09|0.0|0.0|0.01|0.26|0.0|0.0|0.0|0.0|449.33|50.15|0.0|0.0|3.89|0.0|0.0|0.15|0.0|food/272/1.png|food/272/2.jpg|food/272/3.jpg
새우튀김|어패류튀김|150.0|430.34|45.97|17.01|15.89|18.96|0.09|2.09|212.89|1013.33|33.97|229.19|200.96|485.71|1.33|0.29|0.0|0.0|0.0|0.05|1.2|3.9|15314.71|0.0|717.92|107.2|0.0|0.0|2.72|0.0|0.0|0.17|0.0|food/27/1.jpg|food/27/2.jpg|food/27/3.jpg
생선가스|어패류튀김|200.0|653.44|42.55|12.17|20.55|23.28|0.98|1.92|23.32|0.48|23.48|169.97|164.0|394.31|0.52|0.13|0.0|0.0|0.04|0.09|0.0|0.0|0.0|0.0|518.04|36.36|0.0|0.0|3.98|0.0|0.0|0.12|0.0|food/387/1.jpg|food/387/2.jpg|food/387/3.gif
쥐포튀김|어패류튀김|100.0|356.91|29.26|9.62|16.49|42.5|7.96|1.38|81.39|0.65|18.9|156.81|77.04|717.02|0.5|0.05|0.0|0.0|0.04|0.07|0.0|0.0|0.0|0.0|390.07|28.7|0.0|0.0|2.29|0.0|0.0|0.1|0.0|food/273/1.jpg|food/273/2.jpg|food/273/3.jpg
오징어튀김|어패류튀김|150.0|505.71|41.85|12.37|21.99|22.43|0.33|2.27|18.39|313.33|25.29|193.49|145.09|336.66|1.17|0.18|0.0|0.0|0.0|0.12|1.6|4.36|9793.01|0.0|439.57|94.12|0.0|0.0|3.43|0.0|0.0|0.21|0.0|food/274/1.jpg|food/274/2.jpg|food/274/3.jpg
닭강정|육류튀김|200.0|450.09|53.41|11.84|9.74|22.52|3.98|0.68|46.99|625.0|24.4|134.96|275.31|652.43|0.46|0.06|0.0|0.0|0.0|0.2|0.21|0.12|10189.53|0.0|442.58|38.92|0.0|0.0|1.59|0.0|0.0|0.06|0.0|food/28/1.jpg|food/28/2.jpg|food/28/3.png
닭튀김|육류튀김|300.0|903.0|43.63|21.73|16.57|16.27|0.5|1.5|13.27|0.73|30.16|249.36|315.73|414.83|1.15|0.04|0.0|0.0|0.13|0.19|0.23|5.63|0.0|0.0|822.0|59.31|0.0|0.0|4.33|0.0|0.0|0.13|0.0|food/275/1.jpg|food/275/2.jpg|food/275/3.jpg
돈가스|육류튀김|200.0|463.93|56.74|16.88|13.26|11.28|4.49|1.12|18.0|560.0|23.96|167.76|374.15|407.4|1.19|0.08|0.0|0.0|0.54|0.22|0.28|2.97|14791.59|0.0|617.0|49.74|0.0|0.0|2.44|0.0|0.0|0.08|0.0|food/59/1.jpg|food/59/2.jpg|food/59/3.png
모래집튀김|육류튀김|150.0|468.37|42.93|18.73|17.73|19.4|1.2|1.33|23.77|1.77|22.06|204.05|269.36|214.96|2.8|0.08|0.0|0.0|0.03|0.17|0.0|0.3|0.0|0.0|690.74|167.94|0.0|0.0|2.73|0.0|0.0|0.13|0.0|food/276/1.jpg|food/276/2.jpg|food/276/3.jpg
양념치킨|치킨류|200.0|552.0|46.05|17.75|13.4|21.15|6.25|1.05|16.78|0.74|25.66|190.47|247.86|402.74|1.12|0.04|0.0|0.0|0.13|0.16|0.16|0.1|0.0|0.0|834.9|68.9|0.0|0.0|2.7|0.0|0.0|0.1|0.0|food/29/1.jpg|food/29/2.jpg|food/29/3.jpg
치즈돈가스|육류튀김|250.0|755.37|46.04|16.81|18.68|16.71|1.43|1.3|168.42|0.52|23.25|245.09|208.52|348.31|1.64|0.12|0.0|0.0|0.27|0.16|0.0|0.07|0.0|0.0|727.04|39.52|0.0|0.0|5.44|0.0|0.0|0.18|0.0|food/277/1.jpg|food/277/2.jpg|food/277/3.jpg
치킨가스|치킨류|200.0|593.0|45.47|13.96|16.96|22.01|2.08|1.93|78.48|0.58|21.94|193.89|197.2|389.64|0.8|0.09|0.0|0.0|0.09|0.12|0.0|0.0|0.0|0.0|601.95|36.48|0.0|0.0|4.21|0.0|0.0|0.13|0.0|food/388/1.jpg|food/388/2.jpg|food/388/3.jpg
탕수육|육류튀김|200.0|358.97|63.9|13.6|8.38|12.42|9.54|1.44|14.5|560.0|19.48|133.42|272.26|407.33|0.9|0.02|0.0|0.0|0.0|0.11|0.28|4.38|11403.3|0.0|507.58|45.56|0.0|0.0|1.6|0.0|0.0|0.04|0.0|food/361/1.jpg|food/361/2.jpg|food/361/3.jpg
깐풍기|육류튀김|150.0|344.54|55.77|12.59|11.8|18.28|3.07|0.63|38.35|1166.67|20.55|136.55|214.97|410.37|0.95|0.02|0.0|0.0|0.0|0.05|0.0|4.02|10399.07|0.0|441.64|58.79|0.0|0.0|1.92|0.0|0.0|0.11|0.0|food/278/1.jpg|food/278/2.jpg|food/278/3.jpg
감자튀김|채소류튀김|150.0|467.75|41.19|4.55|17.01|35.15|0.37|3.94|13.03|1033.33|40.61|123.32|656.89|78.07|0.59|0.13|0.0|0.0|0.0|0.17|0.0|1.19|3162.29|0.0|157.63|0.0|0.0|0.0|3.29|0.0|0.0|0.07|0.0|food/60/1.jpg|food/60/2.jpg|food/60/3.jpg
고구마맛탕|채소류튀김|200.0|491.0|44.35|1.65|5.5|47.3|19.35|4.5|33.48|0.62|30.94|76.18|463.96|38.47|0.3|0.16|0.0|0.0|0.1|0.04|0.0|0.96|0.0|0.0|84.06|0.0|0.0|0.0|0.95|0.0|0.0|0.0|0.0|food/279/1.jpg|food/279/2.jpg|food/279/3.png
고구마튀김|채소류튀김|100.0|252.96|50.47|2.72|11.87|33.8|7.72|2.05|24.9|0.56|19.69|83.21|328.46|148.41|0.24|0.09|0.0|0.0|0.09|0.1|0.0|0.0|0.0|0.0|124.25|20.84|0.0|0.0|1.74|0.0|0.0|0.05|0.0|food/280/1.png|food/280/2.jpg|food/280/3.jpg
고추튀김|채소류튀김|100.0|202.0|64.1|7.6|12.6|14.6|2.3|2.2|42.84|0.86|20.88|106.55|196.54|249.15|0.77|0.09|0.0|0.0|0.34|0.15|0.19|3.28|0.0|0.0|339.6|35.91|0.0|0.0|2.7|0.0|0.0|0.1|0.0|food/281/1.jpg|food/281/2.jpg|food/281/3.jpg
김말이튀김|기타 튀김류|150.0|384.91|54.59|1.98|15.85|26.5|0.81|2.17|31.29|1120.0|12.21|49.35|95.21|321.3|0.13|0.05|0.0|0.0|0.1|0.2|1.51|3.89|1723.67|0.0|74.81|0.0|0.0|0.0|2.13|0.0|0.0|0.08|0.0|food/61/1.jpg|food/61/2.jpg|food/61/3.jpg
채소튀김|채소류튀김|100.0|404.63|31.32|3.25|27.14|36.83|6.37|3.02|27.73|1350.0|27.09|116.78|305.04|277.85|0.33|0.15|0.0|0.0|0.15|0.18|0.0|5.65|2925.86|0.0|142.88|0.0|0.0|0.0|4.29|0.0|0.0|0.24|0.0|food/282/1.jpg|food/282/2.jpg|food/282/3.jpg
노각무침|나물.채소류무침|150.0|84.0|85.6|1.73|1.2|9.53|4.73|2.67|26.55|0.61|29.32|47.17|263.31|544.91|0.32|0.06|0.0|0.0|0.09|0.04|0.04|2.37|0.0|0.0|45.57|0.0|0.0|0.0|0.13|0.0|0.0|0.0|0.0|food/283/1.jpg|food/283/2.jpg|food/283/3.jpg
단무지무침|나물.채소류무침|50.0|20.0|89.6|1.0|1.6|5.6|1.4|3.2|30.36|0.44|9.96|22.46|106.88|857.84|0.2|0.04|0.0|0.0|0.04|0.02|0.02|0.52|0.0|0.0|26.36|0.0|0.0|0.0|0.2|0.0|0.0|0.0|0.0|food/284/1.jpg|food/284/2.jpg|food/284/3.jpg
달래나물무침|나물.채소류무침|150.0|136.0|77.33|2.67|1.87|15.87|7.47|4.27|56.84|1.11|35.53|60.24|315.39|578.03|0.48|0.09|0.0|0.0|0.11|0.09|0.09|3.18|0.0|0.0|92.81|0.0|0.0|0.0|0.2|0.0|0.0|0.0|0.0|food/285/1.jpg|food/285/2.jpg|food/285/3.jpg
더덕무침|나물.채소류무침|150.0|216.0|63.6|2.87|1.87|28.93|13.47|4.73|39.79|1.41|35.69|83.73|264.23|831.05|0.49|0.12|0.0|0.0|0.19|0.07|0.0|1.47|0.0|0.0|72.95|0.11|0.0|0.0|0.27|0.0|0.0|0.0|0.0|food/286/1.jpg|food/286/2.jpg|food/286/3.jpg
도라시생채|나물.채소류무침|160.0|123.97|80.14|2.06|0.51|16.15|5.25|4.58|34.62|418.75|25.81|48.23|161.81|283.07|0.28|0.11|0.0|0.0|0.0|0.05|0.0|0.66|1432.66|0.0|38.01|0.0|0.0|0.0|0.13|0.0|0.0|0.0|0.0|food/389/1.jpg|food/389/2.jpg|food/389/3.jpg
도토리묵|기타|100.0|45.6|88.57|0.29|0.32|10.38|0.43|0.94|12.67|0.46|4.25|6.46|33.59|124.15|0.07|0.03|0.0|0.0|0.0|0.02|0.0|0.0|0.0|0.0|12.58|0.0|0.0|0.0|0.03|0.0|0.0|0.0|0.0|food/362/1.jpg|food/362/2.jpg|food/362/3.png
마늘쫑무침|나물.채소류무침|30.0|31.92|78.07|2.73|4.93|12.77|7.47|5.93|44.1|600.0|23.2|57.03|241.3|312.73|0.43|0.1|0.0|0.0|2.0|0.1|0.0|4.63|2153.27|0.0|104.3|0.0|0.0|0.0|0.63|0.0|0.0|0.03|0.0|food/287/1.jpg|food/287/2.jpg|food/287/3.jpg
무생채|나물.채소류무침|150.0|73.54|85.89|2.43|1.11|7.33|1.78|4.89|102.3|526.67|52.13|57.01|259.38|821.48|0.41|0.11|0.0|0.0|0.08|0.04|0.08|0.55|2083.49|0.0|73.85|8.09|0.0|0.0|0.16|0.0|0.0|0.02|0.0|food/30/1.jpg|food/30/2.jpg|food/30/3.jpg
부추무침|나물.채소류무침|100.0|92.3|81.46|3.5|5.92|6.25|3.06|5.58|67.73|740.0|39.31|59.8|491.62|666.27|0.58|0.18|0.0|0.0|0.0|0.13|0.0|0.57|2506.56|0.0|127.27|14.73|0.0|0.0|0.79|0.0|0.0|0.02|0.0|food/31/1.jpg|food/31/2.jpg|food/31/3.jpg
오이생채|나물.채소류무침|50.0|34.53|84.74|1.78|2.9|8.96|8.04|1.68|30.88|460.0|22.62|52.18|254.4|473.86|0.34|0.08|0.0|0.0|0.02|0.06|0.0|0.58|1475.72|0.0|70.4|0.0|0.0|0.0|0.14|0.0|0.0|0.0|0.0|food/32/1.jpg|food/32/2.jpg|food/32/3.jpg
파무침|나물.채소류무침|150.0|105.95|84.1|2.25|2.81|9.08|8.02|3.52|46.81|573.33|28.17|46.13|255.49|423.79|0.29|0.07|0.0|0.0|0.0|0.08|0.0|0.53|1759.27|0.0|77.12|6.25|0.0|0.0|0.31|0.0|0.0|0.01|0.0|food/288/1.jpg|food/288/2.jpg|food/288/3.jpg
상추겉절이|나물.채소류무침|100.0|61.14|87.1|2.36|3.41|5.26|2.98|3.39|67.59|660.0|40.5|55.48|448.67|431.14|0.31|0.11|0.0|0.0|0.0|0.12|0.0|0.13|1700.78|0.0|94.61|5.8|0.0|0.0|0.38|0.0|0.0|0.02|0.0|food/289/1.jpg|food/289/2.jpg|food/289/3.jpg
쑥갓나물무침|나물.채소류무침|150.0|96.0|86.87|3.0|3.8|4.4|0.2|3.87|104.05|0.88|32.54|58.61|256.25|473.33|0.45|0.13|0.0|0.0|0.06|0.08|0.0|0.33|0.0|0.0|126.25|0.03|0.0|0.0|0.47|0.0|0.0|0.0|0.0|food/290/1.jpg|food/290/2.jpg|food/290/3.jpg
청포묵무침|기타 생채.무침류|250.0|149.0|86.84|1.16|2.08|9.08|0.72|1.6|13.25|0.24|7.39|19.66|50.46|289.61|0.14|0.02|0.0|0.0|0.02|0.02|0.02|1.09|0.0|0.0|39.61|0.0|0.0|0.0|0.32|0.0|0.0|0.0|0.0|food/291/1.jpg|food/291/2.jpg|food/291/3.jpg
해파리냉채|어패류무침|150.0|91.0|84.73|4.13|0.93|8.93|7.6|1.4|29.57|0.56|11.2|49.77|75.6|339.18|0.29|0.07|0.0|0.0|0.07|0.03|0.23|0.06|0.0|0.0|119.0|26.89|0.0|0.0|0.2|0.0|0.0|0.0|0.0|food/292/1.jpg|food/292/2.jpg|food/292/3.jpg
가지나물|나물.숙채류|50.0|17.95|91.78|1.42|1.5|4.18|2.34|2.66|23.2|240.0|16.78|45.08|222.34|274.16|0.2|0.04|0.0|0.0|0.0|0.06|0.0|0.8|1011.1|0.0|49.34|0.0|0.0|0.0|0.22|0.0|0.0|0.0|0.0|food/293/1.jpg|food/293/2.jpg|food/293/3.jpg
고사리나물|나물.숙채류|50.0|44.97|82.92|3.78|5.52|6.28|0.5|5.64|69.66|1160.0|35.86|63.3|90.28|441.42|0.76|0.22|0.0|0.0|0.0|0.06|0.0|0.0|3170.34|0.0|175.28|0.0|0.0|0.0|0.7|0.0|0.0|0.02|0.0|food/294/1.jpg|food/294/2.jpg|food/294/3.jpg
도라지나물|나물.숙채류|50.0|65.04|75.4|2.48|7.52|13.12|0.9|4.88|47.52|440.0|38.86|53.08|135.1|411.02|0.3|0.12|0.0|0.0|0.0|0.04|0.0|0.0|1615.56|0.0|44.74|0.0|0.0|0.0|1.0|0.0|0.0|0.04|0.0|food/295/1.jpg|food/295/2.jpg|food/295/3.jpg
무나물|나물.숙채류|50.0|10.56|93.94|0.62|0.46|3.64|3.3|1.64|24.64|60.0|9.5|10.88|188.34|352.18|0.18|0.0|0.0|0.0|0.14|0.02|0.0|0.24|497.86|0.0|15.78|0.0|0.0|0.0|0.04|0.0|0.0|0.0|0.0|food/62/1.jpg|food/62/2.jpg|food/62/3.jpg
미나리나물|나물.숙채류|50.0|29.53|88.31|2.03|3.67|4.48|0.0|3.53|77.68|0.56|23.92|54.9|238.32|300.66|0.28|0.06|0.0|0.0|0.0|0.07|0.0|0.0|0.0|0.0|79.76|0.0|0.0|0.0|0.5|0.0|0.0|0.02|0.0|food/296/1.jpg|food/296/2.jpg|food/296/3.jpg
숙주나물|나물.숙채류|50.0|17.5|91.94|2.22|1.58|2.96|1.58|1.68|14.98|360.0|16.72|35.58|79.54|403.04|0.16|0.18|0.0|0.0|0.02|0.06|0.0|1.06|1784.0|0.0|120.22|0.0|0.0|0.0|0.12|0.0|0.0|0.0|0.0|food/297/1.jpg|food/297/2.jpg|food/297/3.jpg
시금치나물|나물.숙채류|50.0|34.28|86.24|3.74|4.46|3.36|0.1|1.98|86.12|1280.0|66.6|58.34|626.98|136.24|0.86|0.16|0.0|0.0|0.0|0.2|0.0|0.26|2319.94|0.0|152.88|0.0|0.0|0.0|0.4|0.0|0.0|0.12|0.0|food/298/1.jpg|food/298/2.jpg|food/298/3.jpg
취나물|나물.숙채류|50.0|74.1|76.34|2.75|12.31|6.61|0.0|6.52|149.25|1.13|27.68|43.2|127.18|563.71|0.52|0.12|0.0|0.0|0.0|0.06|0.0|0.63|0.0|0.0|149.5|0.0|0.0|0.0|1.68|0.0|0.0|0.05|0.0|food/33/1.jpg|food/33/2.jpg|food/33/3.jpg
콩나물|나물.숙채류|50.0|25.34|90.04|3.36|3.3|1.89|0.04|3.05|36.99|0.56|21.92|55.53|81.14|427.9|0.3|0.06|0.0|0.0|0.0|0.06|0.0|0.0|0.0|0.0|155.58|0.0|0.0|0.0|0.44|0.0|0.0|0.02|0.0|food/363/1.jpg|food/363/2.jpg|food/363/3.jpg
고구마줄기나물|나물.숙채류|50.0|41.64|86.5|0.98|7.0|4.1|0.0|3.12|110.82|300.0|15.48|28.64|121.86|179.26|0.14|0.04|0.0|0.0|0.0|0.06|0.0|0.16|689.58|0.0|34.44|0.0|0.0|0.0|1.16|0.0|0.0|0.16|0.0|food/299/1.jpg|food/299/2.jpg|food/299/3.jpg
우거지나물무침|나물.채소류무침|150.0|129.0|83.6|3.0|5.67|5.8|1.0|5.8|130.35|1.72|26.42|57.69|127.61|515.01|0.57|0.09|0.0|0.0|0.17|0.04|0.03|0.57|0.0|0.0|135.33|0.87|0.0|0.0|0.67|0.0|0.0|0.07|0.0|food/300/1.jpg|food/300/2.jpg|food/300/3.jpg
골뱅이무침|어패류무침|100.0|108.79|73.44|7.08|1.97|15.69|10.46|3.69|38.06|6.9|0.0|72.34|224.4|525.52|0.0|0.0|0.0|0.0|0.1|0.15|0.0|0.0|0.0|0.0|0.0|38.35|0.0|0.0|0.26|0.0|0.0|0.02|0.0|food/301/1.jpg|food/301/2.jpg|food/301/3.jpg
김무침|어패류무침|30.0|77.57|41.63|21.17|10.73|19.33|5.73|17.47|241.07|5033.33|200.6|379.7|1286.53|1011.0|2.03|0.3|0.0|0.0|0.0|1.4|46.27|11.33|17736.8|0.0|737.47|0.0|0.0|0.0|1.53|0.0|0.0|0.07|0.0|food/302/1.jpg|food/302/2.jpg|food/302/3.jpg
미역초무침|어패류무침|50.0|17.49|90.8|1.18|1.02|5.24|1.3|3.94|78.56|320.0|52.34|25.18|169.92|451.8|0.24|0.08|0.0|0.0|0.0|0.08|0.34|0.0|883.88|0.0|54.86|0.0|0.0|0.0|0.16|0.0|0.0|0.0|0.0|food/303/1.jpg|food/303/2.jpg|food/303/3.jpg
북어채무침|어패류무침|150.0|282.02|52.99|28.4|2.91|12.05|5.59|4.43|144.29|1033.33|63.8|356.93|651.89|755.93|0.97|0.1|0.0|0.0|0.0|0.33|2.15|0.24|24116.31|0.0|1053.89|110.75|0.0|0.0|0.51|0.0|0.0|0.02|0.0|food/304/1.jpg|food/304/2.jpg|food/304/3.jpg
회무침|어패류무침|250.0|203.95|80.18|8.09|1.65|8.6|4.53|2.59|63.83|868.0|32.99|123.79|348.22|274.79|0.68|0.12|0.0|0.0|0.17|0.12|0.41|0.84|8602.67|0.0|392.48|26.4|0.0|0.0|0.52|0.0|0.0|0.03|0.0|food/34/1.jpg|food/34/2.jpg|food/34/3.jpg
쥐치채|어패류무침|20.0|55.92|26.62|13.77|0.73|54.47|22.77|2.77|203.36|1.24|27.95|236.9|121.59|1481.71|0.6|0.1|0.0|0.0|0.02|0.03|0.0|0.0|0.0|0.0|512.75|42.87|0.0|0.0|0.93|0.0|0.0|0.03|0.0|food/305/1.jpg|food/305/2.jpg|food/305/3.jpg
파래무침|어패류무침|30.0|14.83|86.4|3.53|1.7|4.97|1.73|3.5|49.67|21966.67|74.1|63.5|509.0|735.9|0.43|0.2|0.0|0.0|0.0|0.13|6.9|12.4|3257.33|0.0|158.03|2.17|0.0|0.0|0.2|0.0|0.0|0.03|0.0|food/306/1.jpg|food/306/2.jpg|food/306/3.jpg
홍어무침|어패류무침|200.0|198.94|74.8|8.93|1.32|12.98|7.23|3.36|149.71|0.91|29.04|141.37|276.35|401.02|0.42|0.1|0.0|0.0|0.07|0.08|0.0|2.15|0.0|0.0|249.18|28.51|0.0|0.0|0.18|0.0|0.0|0.0|0.0|food/307/1.jpg|food/307/2.jpg|food/307/3.jpg
잡채|기타 볶음류|200.0|291.15|66.28|4.7|3.3|24.26|0.72|3.68|36.08|1650.0|18.44|60.66|200.92|359.84|0.76|0.04|0.0|0.0|1.01|0.05|0.08|0.0|4212.27|0.0|174.73|22.66|0.0|0.0|0.55|0.0|0.0|0.07|0.0|food/364/1.jpg|food/364/2.jpg|food/364/3.jpg
탕평채|기타 생채.무침류|100.0|97.5|79.56|3.55|3.81|12.26|0.39|2.67|19.49|0.65|7.62|46.79|72.22|260.4|0.65|0.01|0.0|0.0|0.04|0.04|0.0|6.65|0.0|0.0|149.3|47.24|0.0|0.0|0.73|0.0|0.0|0.03|0.0|food/308/1.jpg|food/308/2.jpg|food/308/3.jpg
갓김치|김치|40.0|16.53|89.1|2.58|1.35|4.7|1.18|3.7|104.02|1975.0|36.28|60.42|474.2|438.05|0.52|0.15|0.0|0.0|0.12|0.12|0.0|0.0|1697.65|0.0|95.43|0.05|0.0|0.0|0.08|0.0|0.0|0.0|0.0|food/309/1.jpg|food/309/2.jpg|food/309/3.jpg
고들빼기|김치|50.0|55.53|69.55|3.16|1.22|21.87|5.69|5.7|51.29|3.83|34.02|49.7|251.11|1484.86|0.44|0.16|0.0|0.0|0.09|0.13|0.0|0.0|0.0|0.0|121.7|5.95|0.0|0.0|0.14|0.0|0.0|0.0|0.0|food/35/1.jpg|food/35/2.jpg|food/35/3.jpg
깍두기|김치|50.0|16.4|90.52|1.56|1.06|4.24|2.54|2.14|45.4|280.0|30.82|35.58|282.7|807.5|0.16|0.06|0.0|0.0|0.1|0.06|0.0|0.54|1117.72|0.0|43.92|3.06|0.0|0.0|0.04|0.0|0.0|0.0|0.0|food/365/1.jpg|food/365/2.jpg|food/365/3.jpg
깻잎김치|김치|50.0|31.15|83.3|2.82|1.72|8.92|4.04|3.56|72.04|680.0|46.66|54.56|384.26|924.06|0.5|0.14|0.0|0.0|0.08|0.14|0.0|2.84|2330.1|0.0|118.64|0.0|0.0|0.0|0.08|0.0|0.0|0.0|0.0|food/310/1.jpg|food/310/2.jpg|food/310/3.jpg
나박김치|김치|100.0|9.82|96.79|0.46|0.38|1.15|0.34|0.81|7.87|200.0|6.56|9.69|88.51|377.45|0.26|0.01|0.0|0.0|0.14|0.02|0.0|2.14|269.83|0.0|22.69|0.0|0.0|0.0|0.02|0.0|0.0|0.0|0.0|food/311/1.jpg|food/311/2.jpg|food/311/3.jpg
동치미|김치|200.0|27.21|95.92|0.29|0.37|2.28|1.45|1.04|7.2|430.0|14.6|12.24|86.55|411.87|0.02|0.02|0.0|0.0|0.0|0.02|0.0|1.22|215.05|0.0|6.48|0.0|0.0|0.0|0.01|0.0|0.0|0.0|0.0|food/312/1.jpg|food/312/2.jpg|food/312/3.jpg
배추겉절이|나물.채소류무침|50.0|27.32|87.64|2.28|2.14|6.58|1.3|3.54|55.1|460.0|18.2|56.2|290.88|327.64|0.42|0.08|0.0|0.0|0.26|0.08|0.06|0.44|1930.88|0.0|73.8|2.9|0.0|0.0|0.42|0.0|0.0|0.06|0.0|food/313/1.jpg|food/313/2.jpg|food/313/3.jpg
배추김치|김치|40.0|10.66|92.8|1.7|0.78|3.18|2.38|2.12|40.0|475.0|19.28|45.3|259.92|307.58|0.45|0.02|0.0|0.0|0.38|0.05|0.05|2.7|1097.78|0.0|53.22|1.0|0.0|0.0|0.05|0.0|0.0|0.0|0.0|food/36/1.jpg|food/36/2.jpg|food/36/3.jpg
백김치|김치|90.0|16.56|94.33|1.02|0.57|2.29|0.78|1.12|27.53|266.67|19.26|28.57|188.5|447.39|0.27|0.02|0.0|0.0|0.2|0.03|0.0|0.0|665.78|0.0|32.7|0.0|0.0|0.0|0.02|0.0|0.0|0.0|0.0|food/314/1.jpg|food/314/2.jpg|food/314/3.png
부추김치|김치|50.0|23.33|86.9|2.68|1.16|6.36|4.08|3.76|37.16|500.0|33.1|43.74|434.78|761.32|0.42|0.14|0.0|0.0|0.08|0.12|0.0|0.42|2030.26|0.0|102.6|0.0|0.0|0.0|0.1|0.0|0.0|0.0|0.0|food/315/1.jpg|food/315/2.jpg|food/315/3.jpg
열무김치|김치|40.0|10.71|92.4|1.8|1.23|2.15|0.43|2.2|113.18|100.0|36.8|60.3|483.38|486.17|0.25|0.05|0.0|0.0|1.5|0.1|0.0|3.55|1301.85|0.0|79.35|0.0|0.0|0.0|0.05|0.0|0.0|0.0|0.0|food/37/1.jpg|food/37/2.jpg|food/37/3.jpg
열무얼갈이김치|김치|50.0|17.68|89.54|2.15|0.66|5.22|0.91|3.15|78.84|2.19|33.32|41.2|308.45|679.81|0.4|0.1|0.0|0.0|0.14|0.11|0.0|0.0|0.0|0.0|79.62|2.07|0.0|0.0|0.08|0.0|0.0|0.0|0.0|food/316/1.jpg|food/316/2.jpg|food/316/3.jpg
오이소박이|김치|100.0|32.38|90.83|1.73|0.86|4.43|3.4|1.94|23.21|480.0|21.11|42.48|266.78|541.03|0.41|0.03|0.0|0.0|0.97|0.05|0.0|0.0|1169.61|0.0|62.74|0.0|0.0|0.0|0.07|0.0|0.0|0.0|0.0|food/317/1.jpg|food/317/2.jpg|food/317/3.jpg
총각김치|김치|70.0|22.89|90.67|1.4|0.74|5.1|1.91|2.61|42.96|514.29|24.43|49.61|362.7|474.29|0.26|0.04|0.0|0.0|0.23|0.06|0.0|2.2|814.56|0.0|38.07|0.17|0.0|0.0|0.04|0.0|0.0|0.0|0.0|food/318/1.jpg|food/318/2.jpg|food/318/3.jpg
파김치|김치|30.0|13.32|88.37|2.57|1.93|4.2|1.5|4.07|49.1|600.0|33.7|56.37|449.63|863.87|0.47|0.07|0.0|0.0|0.0|0.13|0.0|2.47|1544.03|0.0|70.23|0.17|0.0|0.0|0.1|0.0|0.0|0.0|0.0|food/319/1.jpg|food/319/2.jpg|food/319/3.jpg
간장게장|젓갈류|250.0|155.4|82.78|7.02|1.1|6.04|4.21|1.1|64.9|948.0|42.98|97.98|230.17|1089.16|1.32|0.45|0.0|0.0|0.0|0.11|3.18|17.11|6021.86|0.0|269.34|48.91|0.0|0.0|0.16|0.0|0.0|0.0|0.0|food/320/1.jpg|food/320/2.jpg|food/320/3.jpg
마늘쫑장아찌|장아찌.절임류|50.0|30.0|81.6|2.0|1.0|10.8|7.8|3.2|30.98|0.7|25.0|35.0|157.86|1627.28|0.28|0.06|0.0|0.0|0.14|0.04|0.0|1.5|0.0|0.0|74.76|0.0|0.0|0.0|0.0|0.0|0.0|0.0|0.0|food/63/1.jpg|food/63/2.jpg|food/63/3.jpg
고추장아찌|장아찌.절임류|60.0|49.62|73.85|1.98|2.07|14.07|0.73|3.82|22.58|516.67|27.88|31.27|214.13|2525.97|0.17|0.03|0.0|0.0|0.07|0.1|0.0|7.53|1535.5|0.0|58.2|0.0|0.0|0.0|0.07|0.0|0.0|0.0|0.0|food/321/1.jpg|food/321/2.jpg|food/321/3.jpg
깻잎장아찌|장아찌.절임류|20.0|20.18|74.55|2.05|3.4|15.55|3.55|3.2|100.4|2650.0|12.85|10.2|40.05|1585.9|0.15|0.15|0.0|0.0|0.0|0.1|1.6|0.0|1818.2|0.0|103.6|0.0|0.0|0.0|0.1|0.0|0.0|0.0|0.0|food/322/1.jpg|food/322/2.jpg|food/322/3.jpg
마늘장아찌|장아찌.절임류|230.0|147.23|86.59|2.67|5.03|2.0|5.16|2.42|30.81|573.91|14.3|38.87|128.53|1222.36|0.13|0.03|0.0|0.0|0.04|0.0|0.0|9.52|2308.01|0.0|74.42|0.0|0.0|0.0|0.03|0.0|0.0|0.0|0.0|food/323/1.jpg|food/323/2.png|food/323/3.jpg
무장아찌|장아찌.절임류|30.0|23.92|73.31|1.47|0.76|16.76|9.62|2.43|28.41|7.2|0.0|23.73|185.13|2932.68|0.0|0.0|0.0|0.0|0.12|0.06|0.0|17.85|0.0|0.0|0.0|0.13|0.0|0.0|0.04|0.0|0.0|0.0|0.0|food/324/1.jpg|food/324/2.jpg|food/324/3.jpg
양념게장|젓갈류|200.0|193.49|73.06|10.22|0.6|12.6|8.76|4.7|265.31|1285.0|60.61|159.8|433.11|804.01|1.62|0.21|0.0|0.0|0.0|0.15|1.7|22.04|8708.54|0.0|350.4|46.16|0.0|0.0|0.24|0.0|0.0|0.0|0.0|food/325/1.jpg|food/325/2.png|food/325/3.jpg
양파장아찌|장아찌.절임류|50.0|40.18|76.38|2.62|0.76|15.78|17.92|1.28|16.84|520.0|18.86|47.02|171.38|1068.42|0.16|0.0|0.0|0.0|0.0|0.58|0.0|0.86|1644.02|0.0|89.64|0.0|0.0|0.0|0.02|0.0|0.0|0.0|0.0|food/326/1.jpg|food/326/2.jpg|food/326/3.jpg
오이지|장아찌.절임류|50.0|10.34|90.1|0.74|0.72|2.84|0.0|2.5|22.4|300.0|85.92|24.54|163.08|2049.78|0.08|0.04|0.0|0.0|0.14|0.02|0.0|0.18|617.0|0.0|24.52|0.0|0.0|0.0|0.04|0.0|0.0|0.0|0.0|food/38/1.jpg|food/38/2.jpg|food/38/3.jpg
무피클|장아찌.절임류|130.0|22.1|95.42|0.52|0.3|3.05|1.75|1.52|17.07|138.46|6.32|11.13|93.61|188.69|0.11|0.0|0.0|0.0|0.0|0.0|0.0|0.0|1359.75|0.0|95.92|0.0|0.0|0.0|0.02|0.0|0.0|0.0|0.0|food/390/1.jpg|food/390/2.jpg|food/390/3.jpg
오이피클|채소류|100.0|91.0|71.6|0.38|0.12|25.07|22.69|2.1|51.0|250.0|2.0|5.0|36.0|1040.0|0.8|0.01|0.0|23.21|0.02|0.01|0.0|0.0|160.0|77.0|11.0|0.0|0.11|0.06|0.05|0.06|0.03|0.0|8.0|food/391/1.jpg|food/391/2.jpg|food/391/3.jpg
단무지|장아찌.절임류|30.0|3.77|95.57|0.33|0.2|2.4|0.47|1.33|10.97|100.0|2.17|11.33|48.93|551.83|0.1|0.03|0.0|0.0|0.0|0.0|0.0|3.13|177.53|0.0|9.33|0.0|0.0|0.0|0.03|0.0|0.0|0.0|0.0|food/39/1.png|food/39/2.jpg|food/39/3.jpg
오징어젓갈|젓갈|100.0|102.0|0.0|13.2|0.3|11.7|0.0|0.0|0.0|0.0|0.0|0.0|0.0|3793.0|0.0|0.0|0.0|0.0|0.0|0.0|0.0|0.0|0.0|0.0|0.0|0.0|0.0|0.0|0.0|0.0|0.0|0.0|0.0|food/392/1.jpg|food/392/2.jpg|food/392/3.jpg
명란젓|어패류 및 기타 수산물|100.0|135.0|63.1|22.38|3.01|4.52|2.13|0.0|45.0|720.0|37.0|263.0|182.0|2232.0|2.48|0.07|1.84|0.0|0.56|0.29|10.37|68.26|17169.0|8312.0|764.0|245.58|2.0|0.09|0.53|0.96|0.86|0.03|25.0|food/393/1.jpg|food/393/2.jpg|food/393/3.jpg
물회|회류|700.0|529.36|83.36|4.91|2.7|7.9|2.86|2.16|30.3|0.27|17.11|66.2|159.97|299.41|0.31|0.03|0.0|0.0|0.06|0.03|0.0|0.43|0.0|0.0|190.97|17.18|0.0|0.0|0.4|0.0|0.0|0.01|0.0|food/40/1.jpg|food/40/2.jpg|food/40/3.jpg
생선물회|회류|800.0|577.97|82.61|4.29|1.54|10.31|6.5|1.4|23.24|0.32|16.03|59.28|151.6|347.47|0.23|0.05|0.0|0.0|0.02|0.02|0.54|2.0|0.0|0.0|159.52|12.74|0.0|0.0|0.25|0.0|0.0|0.0|0.0|food/327/1.jpg|food/327/2.jpg|food/327/3.jpg
오징어물회|어패류무침|700.0|339.79|88.03|6.19|1.2|3.26|2.1|1.54|6.97|121.43|18.73|97.8|147.21|364.5|0.58|0.11|0.0|0.0|0.06|0.03|1.2|6.89|6166.5|0.0|236.6|68.29|0.0|0.0|0.19|0.0|0.0|0.0|0.0|food/328/1.jpg|food/328/2.jpg|food/328/3.jpg
광어회|어패류 및 기타 수산물|100.0|125.0|74.5|22.36|3.28|0.0|0.0|0.0|61.0|450.0|30.0|274.0|465.0|49.0|0.52|0.05|4.32|0.0|0.09|0.12|1.06|0.0|18638.0|9254.0|860.0|41.46|1.6|0.07|0.45|0.78|0.69|0.03|10.0|food/394/1.jpg|food/394/2.jpg|food/394/3.jpg
훈제연어|어패류 및 기타 수산물|100.0|209.0|62.2|23.48|11.96|0.19|0.07|0.0|11.0|320.0|31.0|268.0|395.0|443.0|0.43|0.04|5.62|2.31|0.41|0.04|2.68|2.35|18574.0|9341.0|744.0|44.32|10.74|2.33|1.94|3.62|1.67|0.06|7.0|food/395/1.jpg|food/395/2.jpg|food/395/3.jpg
육회|회류|150.0|195.06|73.89|9.93|6.43|8.12|5.29|6.58|12.38|1373.33|22.56|109.17|235.98|418.01|2.32|0.18|0.0|0.0|0.0|0.11|0.28|3.17|9150.07|0.0|392.99|28.09|0.0|0.0|2.11|0.0|0.0|0.08|0.0|food/366/1.jpg|food/366/2.jpeg|food/366/3.jpg
육사시미|육류|100.0|171.0|68.4|20.6|9.2|0.0|0.0|0.0|48.0|0.0|0.0|189.0|325.0|48.0|0.0|0.0|0.0|0.0|0.05|0.36|0.0|0.0|0.0|0.0|0.0|0.0|0.0|0.0|0.0|0.0|0.0|0.0|0.0|food/396/1.png|food/396/2.jpg|food/396/3.jpg
가래떡|떡류|100.0|195.16|51.14|3.92|0.51|43.73|0.0|0.61|5.18|250.0|10.73|42.68|23.46|240.57|0.56|0.1|0.0|0.0|0.0|0.02|0.0|0.0|3913.5|0.0|219.07|0.0|0.0|0.0|0.19|0.0|0.0|0.0|0.0|food/329/1.jpg|food/329/2.jpg|food/329/3.jpg
경단|떡류|100.0|239.92|47.32|6.28|6.72|38.58|0.61|4.57|177.89|840.0|46.75|104.33|74.9|202.87|1.41|0.31|0.0|0.0|0.0|0.02|0.0|0.0|5791.97|0.0|310.01|0.0|0.0|0.0|0.99|0.0|0.0|0.0|0.0|food/64/1.jpg|food/64/2.jpg|food/64/3.jpg
꿀떡|떡류|100.0|228.48|44.17|3.74|1.73|49.48|0.29|0.8|15.35|360.0|22.61|51.73|38.85|275.08|0.62|0.09|0.0|0.0|0.01|0.01|0.0|0.0|3143.2|0.0|197.75|0.0|0.0|0.0|0.3|0.0|0.0|0.0|0.0|food/330/1.png|food/330/2.jpg|food/330/3.jpg
시루떡|떡류|100.0|217.48|45.21|5.47|0.61|47.54|3.22|4.4|18.14|6.31|0.0|87.65|200.54|277.91|0.0|0.0|0.0|0.0|0.14|0.08|0.0|0.01|0.0|0.0|0.0|0.0|0.0|0.0|0.24|0.0|0.0|0.0|0.0|food/41/1.jpg|food/41/2.jpg|food/41/3.jpg
메밀전병|곡류 및 서류|100.0|167.83|64.57|6.18|6.29|21.62|0.62|3.53|35.64|1.19|36.74|87.29|159.14|345.8|0.86|0.08|0.0|0.0|0.12|0.03|0.0|1.71|0.0|0.0|251.33|8.05|0.0|0.0|1.19|0.0|0.0|0.04|0.0|food/331/1.jpg|food/331/2.jpg|food/331/3.jpg
찰떡|떡류|100.0|218.16|47.44|6.78|2.44|42.27|2.98|3.77|19.38|750.0|36.22|91.0|191.12|187.83|1.01|0.17|0.0|0.0|0.0|0.17|0.0|1.85|6322.76|0.0|358.99|0.0|0.0|0.0|0.28|0.0|0.0|0.0|0.0|food/65/1.jpg|food/65/2.jpg|food/65/3.jpg
무지개떡|떡류|100.0|228.97|42.35|3.53|0.31|53.01|8.99|0.21|9.71|1.36|0.0|40.77|32.17|276.82|0.0|0.0|0.0|0.0|0.04|0.04|0.0|0.1|0.0|0.0|0.0|0.0|0.0|0.0|0.16|0.0|0.0|0.0|0.0|food/332/1.jpg|food/332/2.png|food/332/3.png
백설기|떡류|100.0|229.5|43.81|3.71|1.45|50.4|0.11|1.97|6.02|80.0|13.81|35.7|31.04|210.9|0.51|0.09|0.0|0.0|0.0|0.03|0.0|0.0|2995.98|0.0|177.63|0.0|0.0|0.0|0.12|0.0|0.0|0.0|0.0|food/333/1.jpg|food/333/2.jpg|food/333/3.jpg
송편|떡류|100.0|219.01|48.27|4.65|3.23|42.83|1.98|4.38|96.23|460.0|32.02|64.88|49.58|259.75|0.95|0.21|0.0|0.0|0.31|0.01|0.0|0.0|3472.16|0.0|213.7|0.0|0.0|0.0|0.62|0.0|0.0|0.0|0.0|food/66/1.png|food/66/2.jpg|food/66/3.jpg
수수부꾸미|곡류 및 서류|100.0|247.89|44.53|5.73|6.29|42.1|0.24|7.95|17.24|1.31|45.03|111.36|190.73|261.0|0.85|0.12|0.0|0.0|0.12|0.03|0.0|0.0|0.0|0.0|265.66|0.0|0.0|0.0|0.97|0.0|0.0|0.03|0.0|food/334/1.jpg|food/334/2.jpg|food/334/3.jpg
수수팥떡|떡류|100.0|204.24|48.34|6.7|0.59|43.03|2.82|8.64|21.03|1.69|47.31|117.31|248.92|241.93|0.84|0.16|0.0|0.0|0.06|0.02|0.0|0.0|0.0|0.0|345.87|0.0|0.0|0.0|0.16|0.0|0.0|0.0|0.0|food/335/1.jpg|food/335/2.jpg|food/335/3.jpg
쑥떡|떡류|100.0|248.63|37.51|3.36|0.4|57.89|10.72|2.45|16.67|0.64|13.48|41.23|75.27|254.32|0.6|0.1|0.0|0.0|0.01|0.0|0.0|0.0|0.0|0.0|174.16|0.0|0.0|0.0|0.2|0.0|0.0|0.0|0.0|food/42/1.jpg|food/42/2.jpg|food/42/3.jpg
약식|곡류 및 서류|100.0|219.87|47.2|4.21|2.45|45.24|13.24|2.63|13.38|330.0|20.84|43.44|85.4|221.18|0.82|0.15|0.0|0.0|0.0|0.01|0.0|0.0|3909.55|0.0|217.23|0.0|0.0|0.0|0.27|0.0|0.0|0.0|0.0|food/336/1.jpg|food/336/2.jpg|food/336/3.jpg
인절미|떡류|100.0|242.26|40.98|5.64|2.16|50.07|6.35|2.89|16.42|400.0|27.42|61.19|127.66|296.82|1.0|0.18|0.0|0.0|0.0|0.03|0.0|2.99|5186.31|0.0|283.47|0.0|0.0|0.0|0.24|0.0|0.0|0.0|0.0|food/43/1.jpg|food/43/2.jpg|food/43/3.jpg
절편|떡류|100.0|192.89|51.35|3.64|0.28|43.94|0.07|0.43|9.62|2.52|0.0|39.11|30.58|265.87|0.0|0.0|0.0|0.0|0.01|0.0|0.0|0.64|0.0|0.0|0.0|0.03|0.0|0.0|0.19|0.0|0.0|611111.11|0.0|food/44/1.jpg|food/44/2.jpg|food/44/3.jpg
증편|떡류|100.0|200.1|50.66|3.17|1.2|44.15|3.19|1.03|9.63|100.0|7.87|38.08|21.7|283.95|0.58|0.12|0.0|0.0|0.0|0.05|0.0|0.0|2826.56|0.0|167.98|0.0|0.0|0.0|0.15|0.0|0.0|0.0|0.0|food/337/1.jpg|food/337/2.jpg|food/337/3.jpg
찹쌀떡|떡류|100.0|276.87|29.83|3.26|0.15|65.61|17.54|1.41|12.0|3.64|0.0|40.9|52.59|225.61|0.0|0.0|0.0|0.0|0.03|0.0|0.0|0.0|0.0|0.0|0.0|0.0|0.0|0.0|0.15|0.0|0.0|0.0|0.0|food/367/1.jpg|food/367/2.jpg|food/367/3.jpg
매작과|한과류|30.0|123.86|12.59|7.51|13.15|66.11|16.42|2.75|33.48|0.67|23.73|76.62|106.67|99.44|0.53|0.1|0.0|0.0|0.07|0.01|0.0|0.0|0.0|0.0|378.6|33.42|0.0|0.0|2.35|0.0|0.0|0.1|0.0|food/338/1.jpg|food/338/2.jpg|food/338/3.jpg
다식|한과류|30.0|110.83|11.9|8.3|4.48|73.97|26.65|8.77|138.67|3.48|67.6|158.12|364.64|13.48|1.23|0.27|0.0|0.0|0.2|0.07|0.0|0.0|0.0|0.0|388.17|0.0|0.0|0.0|0.89|0.0|0.0|0.01|0.0|food/339/1.jpg|food/339/2.jpg|food/339/3.jpg
약과|한과류|30.0|119.73|5.85|4.2|4.75|84.89|16.89|5.34|12.47|0.73|24.5|66.54|72.81|57.3|0.53|0.07|0.0|0.0|0.13|0.01|0.0|0.0|0.0|0.0|192.73|0.0|0.0|0.0|1.22|0.0|0.0|0.04|0.0|food/340/1.jpg|food/340/2.jpg|food/340/3.jpg
유과|한과류|30.0|127.09|9.75|2.81|12.83|74.23|24.15|1.14|58.21|0.48|23.97|62.24|34.74|22.81|0.47|0.1|0.0|0.0|0.0|0.02|0.0|0.0|0.0|0.0|129.63|0.0|0.0|0.0|1.37|0.0|0.0|0.04|0.0|food/341/1.jpg|food/341/2.jpg|food/341/3.jpg
산자|한과류|30.0|109.71|12.19|2.31|3.09|82.17|31.35|0.47|5.73|0.39|7.0|29.45|40.89|22.87|0.33|0.03|0.0|0.0|0.0|0.0|0.0|0.1|0.0|0.0|106.57|0.0|0.0|0.0|0.09|0.0|0.0|0.0|0.0|food/342/1.jpg|food/342/2.jpg|food/342/3.jpg
깨강정|한과류|200.0|1017.0|0.0|0.0|0.0|0.0|19.5|0.0|0.0|0.0|0.0|0.0|0.0|2.0|0.0|0.0|0.0|0.0|0.0|0.0|0.0|0.0|0.0|0.0|0.0|0.0|0.0|0.0|0.0|0.0|0.0|0.0|0.0|food/397/1.jpg|food/397/2.jpg|food/397/3.jpg
매작과|한과류|30.0|123.86|12.59|7.51|13.15|66.11|16.42|2.75|33.48|0.67|23.73|76.62|106.67|99.44|0.53|0.1|0.0|0.0|0.07|0.01|0.0|0.0|0.0|0.0|378.6|33.42|0.0|0.0|2.35|0.0|0.0|0.1|0.0|food/338/1.jpg|food/338/2.jpg|food/338/3.jpg
