식품명|식품상세분류|1회제공량|에너지(㎉)|단백질(g)|총 식이섬유(g)|칼슘(㎎)|철(㎍)|인(㎎)|나트륨(㎎)|아연(㎎)|비타민 D(D2+D3)(㎍)|비타민 B1(㎎)|비타민 B2(㎎)|비타민 B12(㎍)|비타민 C(㎎)|콜레스테롤(㎎)|엽산(㎍)|img1|img2|img3
쌀밥|즉석조리식품|210.0|11.884615384615385|9.090909090909092|0.0|0.0|0.0|0.0|1.3333333333333335|0.0|0.0|0.0|0.0|0.0|0.0|0.0|0.0|food/368/1.jpg|food/368/2.jpg|food/368/3.jpg
오곡밥|쌀밥.잡곡밥류|250.0|14.954476840164615|21.730571384924726|25.18435074866552|3.67595400564016|16.7397494215968|26.273683669313574|7.593004073130399|20.0|0.0|9.858707817851583|3.0885078307886586|0.0|0.0|0.0|0.0|food/69/1.jpg|food/69/2.jpg|food/69/3.jpg
콩밥|쌀밥.잡곡밥류|200.0|10.627692307692307|10.709090909090909|15.24|11.684|6700.0|9.11|39.337333333333326|21.200000000000003|0.0|0.0|0.8333333333333334|0.0|0.05|0.0|0.0|food/45/1.jpg|food/45/2.jpg|food/45/3.jpg
보리밥|쌀밥.잡곡밥류|200.0|12.370384615384616|10.545454545454545|19.48|1.8399999999999999|3900.0|9.687142857142858|0.5233333333333333|15.2|0.0|5.833333333333334|0.8333333333333334|0.0|0.04|0.0|0.0|food/70/1.jpg|food/70/2.jpg|food/70/3.jpg
영양돌솥밥|기타 밥류|350.0|24.736923076923077|21.854545454545455|29.84|4.046666666666667|16800.0|15.879999999999999|1.4626666666666668|40.0|0.0|9.166666666666668|9.166666666666668|0.0|0.0|0.0|0.0|food/71/1.jpg|food/71/2.jpg|food/71/3.jpg
감자밥|쌀밥.잡곡밥류|260.0|11.411538461538461|12.054545454545455|12.839999999999998|4.693333333333333|0.0|0.0|33.300000000000004|0.0|0.0|0.0|0.0|0.0|59.0|0.0|0.0|food/399/1.jpg|food/399/2.jpg|food/399/3.jpg
곤드레밥|즉석조리식품|262.0|14.615384615384617|10.909090909090908|0.0|0.0|0.0|0.0|72.0|0.0|0.0|0.0|0.0|0.0|0.0|0.0|0.0|food/369/1.jpg|food/369/2.jpg|food/369/3.jpg
김치볶음밥|볶음밥류|330.0|21.178461538461537|31.927272727272726|37.4|13.074666666666667|23000.0|34.05714285714286|103.32|18.9|0.0|74.16666666666667|26.666666666666668|38.75|13.76|77.44666666666666|0.0|food/72/1.jpg|food/72/2.jpg|food/72/3.jpg
멸치주먹밥|김밥(초밥)류|150.0|12.0|16.363636363636363|13.600000000000001|14.661333333333332|8.9|24.662857142857142|33.080666666666666|14.099999999999998|0.0|0.0|3.3333333333333335|1.6666666666666667|0.0|14.150000000000002|0.0|food/73/1.png|food/73/2.jpg|food/73/3.jpg
볶음밥|볶음밥류|350.0|24.633846153846154|35.4|23.16|6.294666666666666|18300.0|30.72285714285714|49.572|35.099999999999994|0.0|35.0|10.0|0.0|14.469999999999999|34.156666666666666|0.0|food/1/1.jpg|food/1/2.jpg|food/1/3.jpg
비빔밥|비빔밥류|450.0|24.52076923076923|56.16363636363636|35.92|18.484|46600.0|50.849999999999994|69.45666666666665|94.10000000000001|0.0|125.83333333333333|21.666666666666668|78.33333333333333|9.09|63.39333333333334|0.0|food/46/1.jpg|food/46/2.jpg|food/46/3.jpg
전주비빔밥|즉석조리식품|300.0|16.923076923076923|20.0|0.0|0.0|0.0|0.0|76.33333333333333|0.0|0.0|0.0|0.0|0.0|0.0|3.0|0.0|food/370/1.jpg|food/370/2.jpg|food/370/3.png
삼선볶음밥|볶음밥류|400.0|26.38878587674781|47.70327576906455|37.38862307788848|12.042923384626587|31.453229350775903|45.37091001778843|80.90413799226667|26.0|0.0|38.873767402965754|16.015536276749835|0.0|1.8844681358103001|108.84120654428966|0.0|food/74/1.jpg|food/74/2.jpg|food/74/3.jpg
새우볶음밥|볶음밥류|370.0|24.451923076923077|42.418181818181814|23.88|6.013333333333334|12800.0|32.92428571428571|35.90933333333333|21.7|0.0|0.8333333333333334|30.833333333333336|37.083333333333336|15.24|87.22666666666666|0.0|food/75/1.jpg|food/75/2.jpg|food/75/3.jpg
알밥|기타 밥류|330.0|16.235769230769233|28.38181818181818|46.2|18.924000000000003|14500.0|28.53428571428572|94.53866666666666|24.700000000000003|0.0|104.16666666666667|10.0|265.8333333333333|8.72|50.583333333333336|0.0|food/76/1.jpg|food/76/2.jpg|food/76/3.jpg
약초비빔밥|비빔밥류|400.0|19.684615384615384|21.636363636363637|43.2|32.70666666666667|27.1|27.490000000000002|64.774|25.8|0.0|5.833333333333334|10.833333333333334|0.0|1.2|0.0|0.0|food/77/1.jpg|food/77/2.jpg|food/77/3.png
오므라이스|볶음밥류|400.0|26.64269230769231|47.236363636363635|38.52|10.282666666666668|33600.0|52.87571428571428|115.34066666666666|36.7|0.0|45.833333333333336|34.166666666666664|64.16666666666667|268.95|115.98333333333332|0.0|food/78/1.jpg|food/78/2.jpg|food/78/3.jpg
육회비빔밥|비빔밥류|300.0|17.01115384615385|34.836363636363636|31.0|11.190666666666669|26800.0|40.910000000000004|89.14866666666667|74.1|0.0|20.833333333333336|10.0|67.91666666666667|0.0|30.563333333333333|0.0|food/79/1.jpg|food/79/2.jpg|food/79/3.jpg
해물볶음밥|볶음밥류|400.0|27.123741313930307|45.64533333333327|46.6625482035572|10.75953121546968|25.438001693223498|44.232341533929855|71.62323611987534|28.4|0.0|1.2521287217882917|19.798420608169835|0.0|0.0|80.60149560755701|0.0|food/80/1.jpg|food/80/2.jpg|food/80/3.jpg
열무비빔밥|즉석섭취식품|373.0|21.53846153846154|27.27272727272727|0.0|0.0|0.0|0.0|96.0|0.0|0.0|0.0|0.0|0.0|0.0|13.333333333333334|0.0|food/371/1.jpg|food/371/2.jpg|food/371/3.jpg
류산슬덮밥|덮밥류|550.0|22.115059251428153|49.02208333333327|40.7273539125452|14.713338615934399|49.149297059576305|37.168882051818855|105.28983895809401|25.3|0.0|5.008243951740543|9.122659552287333|0.0|7.72784494975354|40.28858012734567|0.0|food/81/1.jpg|food/81/2.jpg|food/81/3.jpg
불고기덮밥|덮밥류|400.0|28.006923076923073|47.981818181818184|44.12|3.2813333333333334|32700.0|41.64857142857143|67.42866666666666|84.80000000000001|0.0|54.16666666666667|20.0|75.41666666666667|0.0|21.11|0.0|food/82/1.jpg|food/82/2.jpg|food/82/3.jpg
소고기국밥|기타 밥류|700.0|12.712692307692306|39.63636363636363|31.6|12.186666666666667|25.4|33.30571428571428|119.08733333333332|44.6|0.0|20.833333333333336|10.833333333333334|63.75000000000001|0.0|13.950000000000001|0.0|food/83/1.jpg|food/83/2.jpg|food/83/3.jpg
송이덮밥|덮밥류|600.0|22.377150828561845|33.11724242424236|54.789876047680394|9.750104232625146|62.5862617484234|32.34812232635629|111.867255570524|24.900000000000002|0.0|67.27535126793933|24.553897794320918|0.0|5.61620599593064|16.065350040153966|0.0|food/84/1.jpg|food/84/2.jpg|food/84/3.jpg
오징어덮밥|덮밥류|360.0|18.63807692307692|47.0|37.88|3.94|8000.0|40.09428571428572|38.815333333333335|25.8|0.0|0.8333333333333334|5.833333333333334|85.83333333333334|0.0|55.733333333333334|0.0|food/85/1.jpg|food/85/2.jpg|food/85/3.jpg
자장밥|덮밥류|500.0|28.525402187729842|27.70154022384564|48.3666666666668|7.236334161444893|145.936756295244|26.853260141441282|104.02537457690467|0.0|0.0|53.312306436249834|23.083370758133505|0.0|0.0|8.811598746956|0.0|food/86/1.jpg|food/86/2.jpg|food/86/3.jpg
잡채밥|덮밥류|550.0|31.736538461538462|40.199999999999996|66.92|11.734666666666667|42700.0|36.87714285714285|83.148|46.5|0.0|300.8333333333333|19.166666666666668|16.666666666666668|23.72|10.843333333333334|0.0|food/87/1.jpg|food/87/2.jpg|food/87/3.jpg
잡탕밥|덮밥류|750.0|29.90149976759281|80.2187009222691|55.002071930436|24.076242010005867|558.793206649626|69.40198793922572|140.63446137634534|0.0|0.0|11.69589119844225|58.26214983060242|0.0|0.0|109.951290297129|0.0|food/88/1.jpg|food/88/2.jpg|food/88/3.jpg
장어덮밥|덮밥류|400.0|27.55925225839754|54.70602020202018|41.224760652208|23.942675673244132|12.947691553133101|49.96055605608857|61.38434173088294|34.900000000000006|0.0|38.59976451167217|23.377496312926084|0.0|0.0|78.18527097751466|0.0|food/89/1.jpg|food/89/2.jpg|food/89/3.jpg
제육덮밥|덮밥류|470.0|36.52923076923077|80.54545454545455|26.640000000000004|6.901333333333333|22800.0|67.78571428571428|54.656000000000006|62.1|0.0|125.0|62.5|24.583333333333332|0.0|43.77333333333333|0.0|food/90/1.jpg|food/90/2.jpg|food/90/3.jpg
짬뽕밥|기타 밥류|900.0|24.911538461538463|52.38181818181818|50.92|15.841333333333333|60000.0|67.54142857142857|140.37866666666665|32.0|0.0|182.5|31.66666666666667|135.41666666666669|24.22|47.34|0.0|food/91/1.jpg|food/91/2.jpg|food/91/3.jpg
참치덮밥|덮밥류|500.0|26.119255397354042|53.09336199784872|31.936333333333323|13.049884861336613|329.27374113556095|44.19518081726315|107.91631117253|0.0|0.0|29.297921644090753|182.74906618805002|0.0|0.0|38.597367358679335|0.0|food/92/1.jpg|food/92/2.jpg|food/92/3.jpg
카레라이스|덮밥류|480.0|19.93846153846154|27.16363636363636|10.48|7.457333333333334|14400.0|23.965714285714284|67.13666666666667|35.6|0.0|45.833333333333336|6.666666666666667|0.0|15.17|4.463333333333334|0.0|food/93/1.jpg|food/93/2.jpg|food/93/3.jpg
전주콩나물국밥|기타 밥류|780.0|15.509999999999998|20.618181818181817|36.84|6.706666666666666|14400.0|17.444285714285716|89.268|28.199999999999996|0.0|90.83333333333334|14.16666666666667|0.0|9.79|0.0|0.0|food/372/1.jpg|food/372/2.jpg|food/372/3.jpg
해물덮밥|덮밥류|700.0|29.689724972165727|76.43172727272727|43.5600860989416|18.8139997411592|58.3032856618942|56.794050684646145|120.17875996547733|47.9|0.0|0.0|23.24115660437692|0.0|0.0|95.41242491041533|0.0|food/94/1.jpg|food/94/2.jpg|food/94/3.jpg
회덮밥|덮밥류|500.0|26.269941629516612|54.927706640451454|32.35372326414292|15.9017575785792|172.819180789742|56.27267385117243|49.61800897144113|0.0|0.0|8.056863471747366|238.05438403423332|0.0|0.0|29.549778437513336|0.0|food/2/1.jpg|food/2/2.jpg|food/2/3.jpg
안성국밥|즉석조리식품|550.0|13.26923076923077|56.36363636363636|0.0|0.0|0.0|0.0|88.06666666666668|0.0|0.0|0.0|0.0|0.0|0.0|36.0|0.0|food/373/1.jpeg|food/373/2.png|food/373/3.png
돼지국밥|기타 밥류|1200.0|35.05384615384615|120.72727272727273|48.0|16.970666666666666|26.5|58.02857142857143|73.10533333333333|77.2|0.0|43.333333333333336|34.166666666666664|0.0|0.0|47.516666666666666|0.0|food/95/1.jpg|food/95/2.jpg|food/95/3.jpg
김치김밥|김밥(초밥)류|270.0|13.516538461538463|21.10909090909091|19.16|15.790666666666667|8400.0|24.74285714285714|62.85466666666667|13.799999999999999|0.0|46.66666666666667|10.0|102.50000000000001|9.26|42.64333333333333|0.0|food/96/1.jpg|food/96/2.jpg|food/96/3.jpg
농어초밥|김밥(초밥)류|250.0|15.25935804196469|31.695909090909087|10.43169538608944|2.4899816148787868|3.09323974385251|25.977868895368573|69.00252654894199|12.7|0.0|6.71108852962575|6.8256288618238|0.0|0.0|8.831815632885634|0.0|food/97/1.jpg|food/97/2.jpg|food/97/3.jpg
문어|어패류 및 기타 수산물|100.0|3.807692307692308|39.45454545454545|0.0|2.533333333333333|2000.0|17.142857142857142|15.333333333333332|18.0|0.0|2.5|4.166666666666667|50.0|0.0|50.0|0.0|food/67/1.jpg|food/67/2.jpg|food/67/3.jpg
초밥|김밥(초밥)류|300.0|17.76792915054819|46.22396009640272|9.27066390038856|6.046314117787626|56.124045102953204|40.472697870109286|64.59596839428013|0.0|0.0|3.1419004134987167|37.5804402418585|0.0|0.0|23.624844909149|0.0|food/47/1.jpg|food/47/2.jpg|food/47/3.jpg
새우초밥|김밥(초밥)류|250.0|14.91040533915123|30.55333333333327|8.29700360736204|9.583375870756052|2.74866150893252|21.53366607863343|74.01954190207333|16.499999999999996|0.0|0.0|1.5497608861417833|0.0|0.0|24.215109490857532|0.0|food/98/1.jpg|food/98/2.jpg|food/98/3.jpg
새우튀김롤|김밥(초밥)류|300.0|23.327083566686156|26.303909090909087|30.36180951686568|21.651294104257467|11.0308312782698|29.22636132220571|92.76210925671467|16.4|0.0|11.716881612696586|11.5950767366245|0.0|7.73483273499988|18.624899030356833|0.0|food/99/1.jpg|food/99/2.jpg|food/99/3.jpg
샐러드김밥|김밥(초밥)류|250.0|15.613375874257269|17.482787676453817|12.60166666666668|8.716821696265214|122.886565460063|19.976550493197287|60.74514343377634|0.0|0.0|5.286248009725476|35.218553859664084|0.0|0.0|28.192801022096297|0.0|food/100/1.png|food/100/2.jpg|food/100/3.png
광어초밥|김밥(초밥)류|300.0|17.452943618228|49.216466470885635|10.18570163304792|3.0711933178846804|41.580564711764694|49.26786801497643|53.916669183087265|0.0|0.0|1.857773230278367|32.11511877314567|0.0|0.0|15.581097442278901|0.0|food/374/1.jpg|food/374/2.jpg|food/374/3.jpg
소고기|육류|100.0|10.692307692307693|30.727272727272727|0.0|6.800000000000001|0.0|19.142857142857142|2.8666666666666667|0.0|0.0|11.666666666666668|24.166666666666668|0.0|0.0|0.0|0.0|food/68/1.jpg|food/68/2.jpg|food/68/3.jpg
김밥|김밥(초밥)류|230.0|12.406153846153845|20.254545454545454|12.520000000000001|10.926666666666666|6900.0|18.194285714285712|47.010666666666665|11.899999999999999|0.0|30.0|8.333333333333334|82.91666666666667|8.64|14.799999999999999|0.0|food/343/1.png|food/343/2.jpg|food/343/3.jpg
갈비삼각김밥|조리가공품류|100.0|6.1923076923076925|7.2727272727272725|5.2|1.4666666666666666|21000.0|7.857142857142857|23.866666666666667|0.0|0.0|5.833333333333334|7.5|0.0|0.0|0.0|0.0|food/375/1.jpg|food/375/2.jpg|food/375/3.jpg
연어롤|김밥(초밥)류|300.0|19.62271361586804|33.76493939393946|36.16079685148604|17.859988558327334|9.02140797114699|32.76438456909114|80.79350644764733|14.799999999999999|0.0|15.7719314135285|11.57248799800475|0.0|60.0186848185039|20.65719578824843|0.0|food/101/1.jpg|food/101/2.jpg|food/101/3.jpg
연어초밥|김밥(초밥)류|250.0|17.204539623334462|34.33186868686873|16.10942937272552|2.2882349231645995|3.38631528258305|31.05181697191614|70.95899836984333|11.7|0.0|10.372669289702834|6.989142932352508|0.0|10.4350915855488|10.683047846625431|0.0|food/102/1.jpg|food/102/2.jpg|food/102/3.jpg
유부초밥|김밥(초밥)류|200.0|14.943846153846154|21.01818181818182|20.88|12.237333333333334|11700.0|19.192857142857143|51.41733333333334|15.4|0.0|0.0|4.166666666666667|0.0|8.5|2.08|0.0|food/103/1.jpg|food/103/2.jpg|food/103/3.jpg
장어초밥|김밥(초밥)류|250.0|18.702294275325578|30.03686868686873|12.92621690289352|10.500088432557146|5.198626924286261|25.05150305618286|84.72742644918867|15.6|0.0|4.560191273675434|9.338360549106584|0.0|5.66080495997033|34.25784748772566|0.0|food/104/1.png|food/104/2.jpg|food/104/3.jpg
참치김밥|김밥(초밥)류|250.0|16.732307692307693|31.818181818181817|18.04|17.122666666666664|18100.0|26.112857142857145|55.82866666666666|24.3|0.0|47.5|14.16666666666667|60.416666666666664|7.6499999999999995|27.873333333333335|0.0|food/105/1.jpg|food/105/2.jpg|food/105/3.jpg
참치마요삼각김밥|김밥(초밥)류|200.0|15.334615384615386|21.563636363636363|22.56|2.5773333333333333|7600.0|16.544285714285714|30.68133333333333|11.5|0.0|0.0|9.166666666666668|68.33333333333333|4.36|6.98|0.0|food/106/1.jpg|food/106/2.jpg|food/106/3.jpg
충무김밥|김밥(초밥)류|400.0|22.458693698882037|42.5907070707071|33.63276601464756|10.3608499496376|14.2644144566617|42.36937081218943|86.28452501141267|28.1|0.0|23.3168107350565|19.81439403910617|0.0|1.79606045130092|52.28411307562367|0.0|food/107/1.jpg|food/107/2.jpg|food/107/3.jpg
치즈김밥|김밥(초밥)류|270.0|18.345384615384617|30.654545454545453|28.28|2.2800000000000002|5800.0|5.937142857142858|30.369333333333337|12.0|0.0|80.0|16.666666666666668|70.41666666666667|5.81|31.563333333333333|0.0|food/108/1.jpg|food/108/2.jpg|food/108/3.jpg
캘리포니아롤|김밥(초밥)류|300.0|18.75534279782542|22.41809090909091|30.39361523908632|19.403575042155467|10.0058491047507|22.265509145269426|86.391842099788|16.299999999999997|0.0|8.65023701924775|9.626759150583835|0.0|3.88454116945782|21.98645559523217|0.0|food/109/1.jpg|food/109/2.jpg|food/109/3.jpg
한치초밥|김밥(초밥)류|250.0|14.391520520444423|24.931767676767635|6.14602901213864|2.3295992075258|2.62363191910443|17.776277569162858|79.95399587297001|14.399999999999999|0.0|0.24305555555555|3.2691775296081165|0.0|6.48347541049788|33.35418938804833|0.0|food/110/1.png|food/110/2.jpg|food/110/3.jpg
간자장|중식면류|650.0|31.713048488665386|40.60642535213637|114.29166666666679|15.528980801823467|342.153028783342|33.530303626442|181.08007326792602|0.0|0.0|19.486398238017834|41.473413787829|0.0|0.0|9.5752375910513|0.0|food/111/1.jpg|food/111/2.jpg|food/111/3.gif
굴짬뽕|중식면류|900.0|26.179680991825734|59.76131818181818|34.43863932570544|59.305901900092664|99.3014019603807|50.190740584433435|177.4897481318387|108.4|0.0|0.0|31.814262146570172|0.0|1.9455119345688598|54.43570626919333|0.0|food/112/1.jpg|food/112/2.jpg|food/112/3.jpg
기스면|중식면류|1000.0|23.34349338986304|68.76222222222218|27.46750900341688|45.391368468758266|56.774825035834795|48.09752581030186|184.3058939954973|21.000000000000004|0.0|0.0|25.01420396052009|0.0|1.60913430888511|138.848308380469|0.0|food/113/1.jpg|food/113/2.jpg|food/113/3.jpg
김치라면|라면류|650.0|21.23076923076923|25.09090909090909|32.8|38.910666666666664|17.8|30.177142857142858|168.77333333333334|10.4|0.0|47.5|131.66666666666669|65.83333333333334|0.0|15.216666666666667|0.0|food/114/1.jpg|food/114/2.jpg|food/114/3.jpg
김치우동|중식면류|800.0|19.237587832432116|28.269656565656547|36.04160278249536|15.256994561152801|20.659057164873502|21.311725396160284|191.640158444828|6.8999999999999995|0.0|14.385688948170083|5.689070564599809|0.0|1.32829563432742|4.709369018296534|0.0|food/115/1.jpg|food/115/2.jpg|food/115/3.jpg
김치말이국수|국수류|600.0|11.63576923076923|23.454545454545457|18.4|17.358666666666668|16.9|25.06285714285714|141.44133333333332|10.4|0.0|54.16666666666667|15.0|119.16666666666667|1.66|29.65|0.0|food/116/1.jpg|food/116/2.jpg|food/116/3.jpg
닭칼국수|국수류|900.0|25.5|76.72727272727273|39.2|11.381333333333334|18.4|52.50285714285714|141.67800000000003|22.1|0.0|26.666666666666668|25.833333333333336|0.0|0.83|31.89|0.0|food/3/1.jpg|food/3/2.jpg|food/3/3.jpg
들깨칼국수|국수류|600.0|17.61076923076923|31.981818181818184|0.0|0.0|0.0|0.0|79.50466666666667|0.0|0.0|0.0|0.0|0.0|0.0|1.1233333333333333|0.0|food/398/1.jpg|food/398/2.jpg|food/398/3.jpg
떡라면|라면류|550.0|20.211153846153845|20.381818181818183|17.16|24.357333333333333|2700.0|16.56|98.89866666666667|5.8999999999999995|0.0|23.333333333333336|130.83333333333334|0.0|0.0|0.0|0.0|food/117/1.png|food/117/2.jpg|food/117/3.jpg
라면|라면류|550.0|17.34269230769231|17.236363636363635|22.0|24.28533333333333|3800.0|15.588571428571429|103.94733333333332|4.199999999999999|0.0|0.0|173.33333333333334|0.0|0.0|0.0|0.0|food/4/1.jpg|food/4/2.jpg|food/4/3.jpg
막국수|국수류|600.0|30.743461538461542|63.290909090909096|41.88|13.462666666666667|61300.0|44.39142857142857|161.81|68.89999999999999|0.0|215.83333333333331|18.333333333333336|0.0|12.78|11.066666666666668|0.0|food/48/1.jpg|food/48/2.jpg|food/48/3.jpg
메밀국수|국수류|350.0|8.533461538461538|19.963636363636365|11.12|4.197333333333334|6600.0|13.421428571428573|45.29066666666667|28.300000000000004|0.0|15.833333333333336|6.666666666666667|21.666666666666668|0.0|0.0|0.0|food/118/1.jpg|food/118/2.jpg|food/118/3.jpg
물냉면|국수류|700.0|14.768461538461539|25.0|8.96|6.4399999999999995|19800.0|25.46714285714286|75.21666666666667|18.7|0.0|3.3333333333333335|18.333333333333336|0.0|0.0|35.81666666666667|0.0|food/119/1.jpg|food/119/2.jpg|food/119/3.jpg
비빔국수|국수류|500.0|19.71|27.381818181818186|27.48|13.349333333333336|26300.0|24.184285714285714|79.586|45.800000000000004|0.0|0.0|19.166666666666668|0.0|11.63|1.6766666666666665|0.0|food/120/1.jpg|food/120/2.jpg|food/120/3.jpg
비빔냉면|국수류|500.0|19.19846153846154|51.5090909090909|29.439999999999998|15.146666666666667|24300.0|43.958571428571425|59.153999999999996|50.0|0.0|32.5|40.0|0.0|16.09|78.89666666666668|0.0|food/121/1.jpg|food/121/2.jpg|food/121/3.jpg
삼선우동|중식면류|1000.0|26.602161179190155|87.16176767676764|33.8843326527452|28.278731943453867|53.0409116894343|64.76158519443072|181.48791394844332|38.3|0.0|84.22680392790835|29.22422511241042|0.0|2.77082151112902|206.96521484124432|0.0|food/122/1.jpg|food/122/2.jpg|food/122/3.jpg
삼선자장면|중식면류|700.0|30.91916622334369|61.160378787878734|43.2599520527208|16.097202692101867|72.7843904535389|43.08312020288986|175.21610751327336|23.0|0.0|108.48263691715918|7.030389023099091|0.0|4.88115972799455|55.52152569365434|0.0|food/123/1.jpeg|food/123/2.jpg|food/123/3.jpg
삼선짬뽕|중식면류|900.0|25.475605649255577|72.04790909090909|30.759744204866717|53.4015777707324|76.1105955014742|51.074291614457564|179.27523716393867|33.5|0.0|92.32110599058251|28.544491579050003|0.0|9.22571728662316|104.15980306373334|0.0|food/124/1.png|food/124/2.jpg|food/124/3.jpg
수제비|기타 면류|650.0|14.549230769230768|27.254545454545454|27.839999999999996|7.422666666666666|13200.0|33.85571428571429|61.678|13.200000000000001|0.0|90.00000000000001|13.333333333333334|56.66666666666668|14.09|27.849999999999998|0.0|food/5/1.jpg|food/5/2.jpg|food/5/3.jpg
쌀국수|국수류|600.0|12.32|28.363636363636363|6.4|5.482666666666666|15.1|19.03285714285714|110.10533333333332|28.999999999999996|0.0|6.666666666666667|5.0|55.833333333333336|0.37|11.200000000000001|0.0|food/125/1.jpg|food/125/2.jpg|food/125/3.jpg
열무김치국수|국수류|800.0|16.576923076923077|27.27272727272727|36.8|34.29866666666667|23.5|26.842857142857145|200.49666666666664|19.5|0.0|88.33333333333334|21.666666666666668|0.0|1.09|5.123333333333333|0.0|food/126/1.jpg|food/126/2.jpg|food/126/3.jpg
열무냉면|중식면류|800.0|20.21121918954058|37.89440834899745|162.8666666666668|23.7038134131456|377.442107165459|32.354241364498286|210.157702414326|0.0|0.0|116.31368030437501|57.98806761512575|0.0|0.0159333333333333|22.592142728393068|0.0|food/127/1.jpg|food/127/2.jpg|food/127/3.jpg
오일소스스파게티|스파게티류|400.0|24.874472444405733|35.55526686935055|44.516459788016|14.812561040556|31.804076879735398|41.49690101109371|74.95545842648333|20.5|0.0|10.468899515760251|16.014177207685833|0.0|0.354379679716093|10.540409764703433|0.0|food/128/1.jpg|food/128/2.png|food/128/3.jpg
일식우동|중식면류|700.0|16.21208620768473|24.34597372382127|80.8383333333332|10.54615109811672|328.43254791559303|16.31173913275529|159.3547183878933|0.0|0.0|34.75916616560909|22.600685570810917|0.0|0.0041416666666666|8.659374409575866|0.0|food/376/1.jpg|food/376/2.jpg|food/376/3.jpg
중식우동|중식면류|1000.0|24.941203786870233|53.54842482433182|88.6666666666668|25.095356592573065|365.53479078244504|47.01968134032943|226.39043469980268|0.0|0.0|11.666666666666668|55.55069680358709|0.0|0.0|69.47331155062435|0.0|food/377/1.jpg|food/377/2.jpg|food/377/3.jpg
울면|중식면류|1000.0|28.032960811347536|68.10025252525253|30.34454615152332|38.99093853572146|58.402599087237995|53.624521314801996|186.66121413727598|22.900000000000002|0.0|0.0|21.3228080247715|0.0|0.388423746611364|148.59687150137668|0.0|food/129/1.jpg|food/129/2.jpg|food/129/3.jpg
자장면|중식면류|650.0|30.634718099722807|35.94795714887072|86.9916666666668|10.922589915154452|242.56858752384298|28.485098428963003|159.438747760768|0.0|0.0|71.07547799989976|34.60538823512275|0.0|0.0|3.585437407654033|0.0|food/6/1.jpg|food/6/2.png|food/6/3.jpg
잔치국수|국수류|700.0|11.930769230769231|24.6|21.92|7.582666666666666|100900.0|13.350000000000001|100.97266666666667|92.6|0.0|0.0|3.3333333333333335|22.500000000000004|15.24|1.4066666666666667|0.0|food/130/1.jpg|food/130/2.jpg|food/130/3.jpg
짬뽕|중식면류|800.0|17.863846153846154|40.54545454545455|51.0|13.202666666666666|4400.0|40.83571428571429|96.404|20.8|0.0|79.16666666666666|53.333333333333336|247.08333333333331|62.49|28.060000000000002|0.0|food/344/1.jpg|food/344/2.jpg|food/344/3.jpg
짬뽕라면|라면류|750.0|26.5|38.72727272727273|34.4|78.23733333333332|28.599999999999998|43.46857142857142|166.254|16.1|0.0|110.83333333333334|131.66666666666669|65.83333333333334|0.0|35.56333333333333|0.0|food/131/1.jpg|food/131/2.jpg|food/131/3.jpg
쫄면|국수류|550.0|27.19076923076923|32.14545454545454|34.4|16.722666666666665|18900.0|33.50714285714286|91.80066666666666|6.5|0.0|24.166666666666668|15.833333333333336|0.0|11.15|0.0|0.0|food/345/1.jpg|food/345/2.jpg|food/345/3.png
치즈라면|라면류|600.0|22.884615384615383|30.545454545454547|32.0|44.96666666666667|13.4|55.308571428571426|140.89333333333335|13.4|0.0|55.00000000000001|143.33333333333334|71.66666666666667|0.0|34.55666666666667|0.0|food/132/1.jpg|food/132/2.jpg|food/132/3.jpg
콩국수|국수류|800.0|25.060384615384617|56.72727272727273|60.72|23.409333333333333|48100.0|51.849999999999994|35.482|57.49999999999999|0.0|106.66666666666667|7.5|0.0|10.88|0.0|0.0|food/133/1.jpg|food/133/2.jpg|food/133/3.jpg
크림소스스파게티|스파게티류|400.0|32.21423751960138|39.62456499150145|19.02182352041604|32.19317685441173|15.0179431022041|58.73854449571514|68.68068683424333|22.400000000000002|0.0|69.14930598642434|44.165780145829004|0.0|0.19955923879873702|42.19256949648367|0.0|food/7/1.png|food/7/2.jpg|food/7/3.jpg
토마토소스스파게티|스파게티류|500.0|24.714741189108157|44.27062265984363|29.35670441680464|28.604837708963064|30.522949504865704|53.313292551495714|100.575626835544|27.1|0.0|72.37350818114375|27.637320318370502|0.0|0.165992524863845|16.389177633158166|0.0|food/8/1.jpg|food/8/2.jpg|food/8/3.jpg
해물칼국수|국수류|900.0|24.163935335229652|41.459228130741636|179.625|17.164862334599864|283.786457367034|29.94639023849443|157.00481167255467|0.0|0.0|77.89030544298792|36.17777950627392|0.0|0.0|8.899725620846032|0.0|food/134/1.jpg|food/134/2.jpg|food/134/3.jpg
회냉면|국수류|500.0|28.51|52.800000000000004|52.47999999999999|35.33066666666667|50400.0|52.349999999999994|33.03066666666666|32.99999999999999|0.0|140.0|21.666666666666668|0.0|15.93|14.803333333333333|0.0|food/135/1.jpg|food/135/2.jpg|food/135/3.jpg
떡국|기타 국류|700.0|22.61576923076923|43.654545454545456|23.4|3.5546666666666664|25700.0|34.22|82.27|49.7|0.0|0.0|19.166666666666668|43.75000000000001|15.73|38.97|0.0|food/136/1.jpg|food/136/2.jpg|food/136/3.png
떡만둣국|기타 국류|700.0|24.035197496272538|36.46377401136945|34.2200750722246|13.295961756738933|211.77943807478502|35.749858174971855|132.01268358867267|0.0|0.0|50.11501974680142|86.19388616621085|0.0|0.0|40.807615130663|0.0|food/137/1.jpg|food/137/2.jpg|food/137/3.jpg
고기만두|만두류|220.0|13.471153846153847|49.50909090909091|20.2|5.753333333333333|22700.0|36.715714285714284|30.208666666666666|27.999999999999996|0.0|62.5|16.666666666666668|9.583333333333334|0.0|14.603333333333335|0.0|food/138/1.jpg|food/138/2.jpg|food/138/3.jpg
군만두|만두류|220.0|19.788846153846155|28.109090909090913|30.64|11.996|18000.0|28.23857142857143|56.403999999999996|10.900000000000002|0.0|0.0|11.666666666666668|21.666666666666668|10.33|6.959999999999999|0.0|food/139/1.jpg|food/139/2.jpg|food/139/3.jpg
김치만두|만두류|220.0|12.851923076923075|40.96363636363636|18.28|5.284000000000001|18200.0|29.245714285714286|57.684000000000005|32.8|0.0|93.33333333333334|15.833333333333336|19.166666666666668|0.0|17.063333333333333|0.0|food/140/1.jpg|food/140/2.jpg|food/140/3.jpg
물만두|만두류|230.0|17.236923076923077|33.690909090909095|28.28|9.462666666666667|13400.0|33.54571428571428|50.906000000000006|14.099999999999998|0.0|166.66666666666669|16.666666666666668|19.166666666666668|10.87|9.3|0.0|food/141/1.jpg|food/141/2.jpg|food/141/3.jpg
만둣국|기타 국류|700.0|16.694219678973806|38.962564121280366|128.4733333333332|16.481082531827735|264.44235549834997|31.632774905739574|157.86623009976665|0.0|0.0|108.92968980852085|58.17024483597867|0.0|0.0|31.506945568933066|0.0|food/346/1.jpg|food/346/2.jpg|food/346/3.jpg
게살죽|죽류|800.0|21.724248266495074|32.54172308464745|21.80517204103936|14.017461304318402|82.87161167835579|27.390106507475288|96.921584905844|0.0|0.0|34.98909720872425|32.38960020908701|0.0|0.0|16.7188150712038|0.0|food/142/1.jpg|food/142/2.jpg|food/142/3.jpg
깨죽|죽류|800.0|19.821066042842613|24.829747696473454|39.12026666666668|53.557661955297206|161.25860028650402|39.864569883990285|77.34578299597334|0.0|0.0|63.20046907697834|37.48977718536992|0.0|0.0|0.0|0.0|food/143/1.jpg|food/143/2.jpg|food/143/3.jpg
닭죽|죽류|400.0|6.825384615384615|19.454545454545453|1.28|2.2520000000000002|4200.0|15.75857142857143|31.146|11.100000000000001|0.0|23.333333333333336|14.16666666666667|12.083333333333334|0.0|9.926666666666668|0.0|food/144/1.jpg|food/144/2.jpg|food/144/3.jpg
소고기버섯죽|죽류|800.0|22.241462388675618|34.08507935120455|11.848|7.257065473218506|81.3846486791331|25.406481906484714|84.12025855763866|0.0|0.0|10.044128125583333|52.38846470909084|0.0|0.0|8.693442161311633|0.0|food/145/1.jpg|food/145/2.jpg|food/145/3.jpg
어죽|죽류|800.0|21.233076923076922|37.09090909090909|35.6|25.392|22.799999999999997|43.62571428571428|140.36866666666668|21.7|0.0|15.833333333333336|5.833333333333334|0.0|0.0|11.823333333333332|0.0|food/146/1.jpg|food/146/2.png|food/146/3.jpg
잣국|채소류국.탕|400.0|3.171923076923077|6.527272727272727|10.4|2.872|4900.0|12.839999999999998|57.32066666666667|3.2|0.0|235.83333333333334|7.5|47.083333333333336|2.53|0.0|0.0|food/147/1.jpg|food/147/2.jpg|food/147/3.jpg
전복죽|죽류|400.0|12.199615384615385|13.218181818181819|24.88|1.2719999999999998|5100.0|7.797142857142856|42.112|7.7|0.0|0.0|9.166666666666668|0.0|16.83|11.496666666666668|0.0|food/148/1.jpg|food/148/2.jpg|food/148/3.jpg
참치죽|죽류|800.0|25.369189093458843|43.989416044810184|21.42003358409312|10.460382905864881|15.900926072420402|35.77723252147329|89.49350019890467|24.6|0.0|13.679312010230834|10.268026148061168|0.0|0.0|13.321105192332134|0.0|food/149/1.jpg|food/149/2.jpg|food/149/3.png
채소죽|죽류|400.0|6.683076923076922|12.272727272727273|24.32|4.684000000000001|8000.0|11.122857142857143|59.65133333333333|7.7|0.0|54.16666666666667|40.833333333333336|36.66666666666667|2.36|0.0|0.0|food/150/1.jpg|food/150/2.jpg|food/150/3.jpg
팥죽|죽류|400.0|12.468076923076923|23.072727272727274|33.32|5.326666666666667|45300.0|24.16|33.91466666666667|23.2|0.0|155.0|7.5|0.0|21.42|0.0|0.0|food/151/1.jpg|food/151/2.jpg|food/151/3.jpg
호박죽|죽류|400.0|7.596923076923077|14.000000000000002|41.48|6.116|10300.0|25.644285714285715|11.159333333333333|11.299999999999999|0.0|42.50000000000001|19.166666666666668|0.0|6.34|0.0|0.0|food/152/1.jpg|food/152/2.jpg|food/152/3.jpg
콘스프|기타 튀김류|272.0|24.884615384615387|20.0|0.0|0.0|0.0|0.0|83.6|0.0|0.0|0.0|0.0|0.0|0.0|0.0|0.0|food/153/1.jpg|food/153/2.jpg|food/153/3.jpg
토마토스프|즉석조리식품|100.0|2.076923076923077|1.8181818181818181|0.0|0.0|0.0|0.0|8.0|0.0|0.0|0.0|0.0|0.0|0.0|0.0|0.0|food/378/1.jpg|food/378/2.jpg|food/378/3.jpg
굴국|어패류국.탕|650.0|26.269230769230766|77.0909090909091|24.4|25.900000000000002|127.10000000000001|95.21285714285715|109.026|311.4|0.0|26.666666666666668|50.83333333333333|25.416666666666664|0.0|172.79|0.0|food/154/1.png|food/154/2.jpg|food/154/3.jpg
김치국|채소류국.탕|450.0|3.4230769230769234|9.818181818181818|18.0|15.166666666666668|15.5|16.68714285714286|109.472|7.3|0.0|23.333333333333336|12.5|6.25|1.78|0.0|0.0|food/9/1.jpg|food/9/2.jpg|food/9/3.jpg
달걀국|기타 국류|400.0|2.0142307692307693|6.781818181818182|3.2400000000000007|2.793333333333333|7800.0|11.582857142857142|65.636|4.3999999999999995|0.0|0.0|10.833333333333334|8.333333333333334|0.0|41.48|0.0|food/155/1.jpg|food/155/2.png|food/155/3.jpg
감자국|채소류국.탕|700.0|8.5|15.090909090909092|20.4|15.408|22.599999999999998|22.832857142857144|114.15266666666666|13.100000000000001|0.0|45.833333333333336|12.5|60.83333333333334|7.24|1.82|0.0|food/156/1.jpg|food/156/2.jpg|food/156/3.jpg
미역국|어패류국.탕|400.0|1.783076923076923|4.6909090909090905|6.800000000000001|10.382666666666667|10700.0|8.131428571428572|44.71333333333334|3.3000000000000003|0.0|7.5|12.5|20.0|0.0|0.0|0.0|food/347/1.jpg|food/347/2.jpg|food/347/3.jpg
바지락조개국|어패류국.탕|550.0|6.038461538461538|40.0|32.0|49.218666666666664|213.50000000000003|38.107142857142854|106.41133333333335|26.0|0.0|3.3333333333333335|14.16666666666667|1739.5833333333335|0.55|29.786666666666665|0.0|food/157/1.jpg|food/157/2.jpg|food/157/3.jpg
소고기무국|육류국.탕|400.0|4.730769230769231|25.818181818181817|12.4|7.894666666666667|15.9|15.474285714285713|71.13466666666667|30.5|0.0|7.5|5.833333333333334|75.0|0.0|12.809999999999999|0.0|food/158/1.jpg|food/158/2.jpg|food/158/3.jpg
소고기미역국|육류국.탕|650.0|5.8076923076923075|32.90909090909091|33.6|19.909333333333333|30.4|19.919999999999998|127.26066666666667|39.6|0.0|10.0|12.5|116.66666666666667|0.0|14.06|0.0|food/159/1.jpg|food/159/2.jpg|food/159/3.jpg
소머리국밥|조리가공품류|100.0|3.0384615384615383|17.272727272727273|2.0|1.2|124000.0|4.571428571428571|6.866666666666667|0.0|0.0|1.6666666666666667|16.666666666666668|0.0|0.0|0.0|0.0|food/379/1.jpg|food/379/2.jpg|food/379/3.jpg
순대국|육류국.탕|800.0|20.780697634398575|79.13298092984292|104.4|14.0425037280452|728.89962429203|44.56755428503713|100.26951822804868|0.0|0.0|40.28104753689075|68.52444800268067|0.0|0.0|82.00019227645267|0.0|food/348/1.jpg|food/348/2.jpg|food/348/3.jpg
어묵국|어패류국.탕|350.0|4.1134615384615385|9.454545454545455|6.280000000000001|9.032|6600.0|12.342857142857145|52.723333333333336|2.5|0.0|8.333333333333334|3.3333333333333335|16.25|0.0|2.856666666666667|0.0|food/160/1.jpg|food/160/2.jpg|food/160/3.jpg
오징어국|어패류국.탕|500.0|3.535|20.18181818181818|5.0|3.1439999999999997|2300.0|25.875714285714285|85.77933333333334|6.0|0.0|91.66666666666667|23.333333333333336|22.083333333333336|0.0|53.13|0.0|food/161/1.jpg|food/161/2.jpg|food/161/3.jpg
토란국|채소류국.탕|400.0|2.388076923076923|7.290909090909091|0.84|4.5|3300.0|8.938571428571429|50.657333333333334|2.3|0.0|7.5|5.833333333333334|9.583333333333334|1.39|1.4966666666666668|0.0|food/162/1.jpg|food/162/2.jpg|food/162/3.jpg
탕국|어패류국.탕|250.0|3.544313670369492|23.966123784461455|16.87232416200036|10.19572708404664|16.714781535321702|16.311397796465|43.78332347917|26.700000000000003|0.0|9.152840515769418|14.787243990108834|0.0|0.0|10.040211912379567|0.0|food/163/1.jpg|food/163/2.jpg|food/163/3.jpg
홍합미역국|어패류국.탕|650.0|6.423076923076923|35.81818181818181|38.0|30.358666666666668|103.3|53.61714285714285|136.24533333333332|30.9|0.0|10.0|25.833333333333336|625.8333333333334|1.44|19.466666666666665|0.0|food/164/1.jpg|food/164/2.jpg|food/164/3.jpg
황태해장국|어패류국.탕|600.0|6.988461538461538|44.54545454545455|21.6|21.950666666666667|14.099999999999998|35.895714285714284|102.206|13.0|0.0|5.0|10.833333333333334|114.99999999999999|0.0|50.1|0.0|food/165/1.jpg|food/165/2.jpg|food/165/3.jpg
근대된장국|채소류국.탕|400.0|1.493846153846154|6.345454545454546|8.68|5.972|6100.0|11.702857142857143|86.94|5.8999999999999995|0.0|43.333333333333336|15.0|55.833333333333336|0.72|0.6399999999999999|0.0|food/166/1.jpg|food/166/2.jpg|food/166/3.jpg
미소된장국|채소류국.탕|150.0|1.4615384615384615|5.09090909090909|3.2|3.645333333333333|5.300000000000001|5.575714285714286|34.468666666666664|3.3000000000000003|0.0|5.833333333333334|2.5|1.25|0.58|0.0|0.0|food/349/1.jpg|food/349/2.jpg|food/349/3.jpg
배추된장국|채소류국.탕|400.0|3.0415384615384613|10.636363636363635|10.24|6.637333333333334|10000.0|13.884285714285713|59.385999999999996|19.2|0.0|0.0|15.833333333333336|10.833333333333334|0.0|4.096666666666667|0.0|food/167/1.jpg|food/167/2.jpg|food/167/3.jpg
뼈다귀해장국|육류국.탕|1000.0|27.46153846153846|135.63636363636363|68.0|89.36933333333333|70.6|95.93571428571428|205.88066666666668|112.7|0.0|103.33333333333334|76.66666666666667|21.250000000000004|19.87|107.24000000000001|0.0|food/168/1.jpg|food/168/2.jpg|food/168/3.jpg
선지해장국|육류국.탕|1000.0|12.0|89.63636363636364|38.0|27.56266666666667|785.6999999999999|34.02142857142857|204.96866666666668|29.700000000000003|0.0|60.0|26.666666666666668|28.749999999999996|10.02|76.84|0.0|food/350/1.jpg|food/350/2.jpg|food/350/3.jpg
선짓국|육류국.탕|600.0|6.686153846153846|42.14545454545455|10.0|18.089333333333332|410000.0|10.907142857142857|124.96199999999999|25.8|0.0|143.33333333333334|40.833333333333336|0.0|14.85|58.096666666666664|0.0|food/169/1.jpg|food/169/2.jpg|food/169/3.jpg
시금치된장국|채소류국.탕|400.0|1.4607692307692306|7.400000000000001|7.08|8.249333333333334|11500.0|12.165714285714285|33.02133333333333|6.999999999999999|0.0|58.333333333333336|45.833333333333336|22.916666666666668|0.7|0.8533333333333334|0.0|food/170/1.jpg|food/170/2.jpg|food/170/3.jpg
시래기된장국|채소류국.탕|450.0|3.807692307692308|12.181818181818183|24.0|28.436|26.3|18.37857142857143|101.57733333333334|9.2|0.0|25.0|8.333333333333334|4.166666666666667|0.0|0.0|0.0|food/351/1.jpg|food/351/2.jpg|food/351/3.jpg
쑥된장국|채소류국.탕|400.0|2.332307692307692|8.872727272727273|12.28|5.426666666666667|8300.0|14.022857142857143|64.716|4.5|0.0|31.66666666666667|20.0|42.50000000000001|0.65|0.2766666666666666|0.0|food/171/1.jpg|food/171/2.jpg|food/171/3.jpg
아욱된장국|채소류국.탕|400.0|3.147307692307692|16.545454545454543|18.4|60.717333333333336|35600.0|21.252857142857145|62.956|9.0|0.0|0.0|143.33333333333334|24.583333333333332|0.71|13.62|0.0|food/172/1.jpg|food/172/2.jpg|food/172/3.jpg
우거지된장국|채소류국.탕|400.0|3.023461538461538|20.145454545454548|12.8|7.637333333333333|14000.0|18.237142857142857|77.53933333333333|14.299999999999999|0.0|221.66666666666669|16.666666666666668|45.833333333333336|0.0|9.473333333333333|0.0|food/173/1.jpg|food/173/2.jpg|food/173/3.jpg
우거지해장국|채소류국.탕|600.0|5.937692307692307|21.636363636363637|34.0|26.473333333333336|24.900000000000002|26.724285714285713|136.63933333333333|16.4|0.0|14.16666666666667|10.833333333333334|95.41666666666667|0.0|7.456666666666667|0.0|food/174/1.jpg|food/174/2.jpg|food/174/3.jpg
우렁된장국|어패류국.탕|500.0|9.423076923076923|44.727272727272734|32.4|87.54933333333334|63.4|51.768571428571434|142.2806666666667|25.4|0.0|19.166666666666668|11.666666666666668|68.75|0.19|35.126666666666665|0.0|food/175/1.jpg|food/175/2.jpg|food/175/3.jpg
갈낙탕|육류국.탕|400.0|10.068076923076923|65.0909090909091|15.2|6.449333333333334|29.599999999999998|33.54714285714286|56.531333333333336|112.6|0.0|0.0|25.833333333333336|0.0|0.0|69.69333333333334|0.0|food/176/1.jpg|food/176/2.png|food/176/3.jpg
갈비탕|육류국.탕|670.0|13.970769230769232|103.63636363636364|49.72|12.914666666666665|71000.0|46.62571428571429|88.70599999999999|192.2|0.0|0.0|50.0|187.5|0.0|70.26|0.0|food/177/1.jpg|food/177/2.jpg|food/177/3.jpg
감자탕|육류찌개.전골|530.0|14.449615384615386|60.78181818181818|49.92|26.96|56100.0|32.825714285714284|115.99|36.4|0.0|72.5|4.166666666666667|18.75|12.43|68.07333333333332|0.0|food/178/1.jpg|food/178/2.jpg|food/178/3.jpg
곰탕|육류국.탕|600.0|5.582692307692308|37.4|25.28|5.6866666666666665|26800.0|14.255714285714285|49.605333333333334|25.900000000000002|0.0|25.0|15.833333333333336|77.08333333333334|16.48|18.083333333333336|0.0|food/49/1.jpg|food/49/2.jpg|food/49/3.jpg
매운탕|어패류찌개.전골|600.0|8.129615384615384|52.85454545454545|39.4|20.233333333333334|25600.0|53.63142857142857|147.23533333333333|25.0|0.0|333.33333333333337|38.333333333333336|186.66666666666669|71.15|95.30333333333334|0.0|food/50/1.jpg|food/50/2.jpg|food/50/3.jpg
꼬리곰탕|육류국.탕|500.0|5.226923076923077|40.92727272727273|10.12|4.174666666666667|13400.0|12.798571428571428|6.459333333333333|36.8|0.0|39.166666666666664|19.166666666666668|55.833333333333336|0.0|21.776666666666667|0.0|food/179/1.jpg|food/179/2.jpg|food/179/3.jpg
꽃게탕|어패류찌개.전골|600.0|3.8884615384615384|20.236363636363638|19.4|18.621333333333332|26300.0|21.60142857142857|109.26933333333334|16.9|0.0|27.500000000000004|22.500000000000004|62.916666666666664|27.339999999999996|5.223333333333334|0.0|food/180/1.jpg|food/180/2.jpg|food/180/3.jpg
낙지탕|어패류국.탕|600.0|7.223076923076924|53.45454545454545|14.400000000000002|14.776|21.6|44.81285714285714|113.646|57.9|0.0|27.500000000000004|18.333333333333336|177.91666666666666|0.0|97.47333333333333|0.0|food/181/1.jpg|food/181/2.jpg|food/181/3.gif
내장탕|육류찌개.전골|600.0|16.306538461538462|63.45454545454545|45.88|7.714666666666667|63100.0|43.792857142857144|86.31933333333333|28.599999999999998|0.0|44.16666666666667|36.66666666666667|61.25000000000001|45.98|127.77000000000001|0.0|food/182/1.jpg|food/182/2.jpg|food/182/3.jpg
닭곰탕|육류국.탕|650.0|12.707692307692305|88.72727272727272|18.32|7.856000000000001|19100.0|84.87285714285716|73.67066666666666|31.2|0.0|25.833333333333336|64.16666666666667|65.0|0.27|78.03999999999999|0.0|food/51/1.jpg|food/51/2.jpg|food/51/3.jpg
닭볶음탕|육류찌개.전골|300.0|12.770769230769233|64.98181818181818|17.48|7.801333333333334|19200.0|44.847142857142856|75.29933333333332|16.599999999999998|0.0|0.0|71.66666666666667|21.666666666666668|1.9900000000000002|42.44|0.0|food/183/1.jpg|food/183/2.jpg|food/183/3.jpg
지리탕|어패류국.탕|600.0|8.925|75.81818181818181|21.2|32.300000000000004|13.0|51.842857142857135|89.99866666666667|62.1|0.0|5.0|25.833333333333336|0.0|0.0|69.92666666666668|0.0|food/52/1.jpg|food/52/2.png|food/52/3.jpg
도가니탕|육류국.탕|500.0|7.621923076923077|75.92727272727272|26.919999999999998|5.430666666666666|94700.0|9.102857142857143|50.132|20.5|0.0|80.0|4.166666666666667|33.75|15.950000000000001|30.563333333333333|0.0|food/184/1.jpg|food/184/2.jpg|food/184/3.jpg
삼계탕|육류국.탕|900.0|35.05346153846154|174.70909090909092|57.76|16.43866666666667|38600.0|134.5857142857143|49.11133333333333|65.8|0.0|339.1666666666667|62.5|147.5|0.0|144.56|0.0|food/185/1.jpg|food/185/2.jpg|food/185/3.jpg
설렁탕|육류국.탕|500.0|4.552692307692308|38.72727272727273|19.76|4.525333333333333|14100.0|12.177142857142856|7.318666666666666|32.1|0.0|0.0|12.5|42.91666666666667|12.54|11.616666666666667|0.0|food/186/1.jpg|food/186/2.jpg|food/186/3.jpg
아구탕|어패류국.탕|600.0|9.464230769230769|68.72727272727272|25.6|39.665333333333336|29.300000000000004|61.419999999999995|124.22266666666665|26.900000000000002|0.0|9.166666666666668|30.0|302.9166666666667|0.0|106.30999999999999|0.0|food/187/1.jpg|food/187/2.jpg|food/187/3.jpg
알탕|어패류찌개.전골|520.0|7.812692307692308|60.199999999999996|32.96|7.433333333333334|16600.0|83.69142857142857|86.766|38.800000000000004|0.0|235.0|170.83333333333331|935.8333333333335|26.13|140.07333333333335|0.0|food/188/1.jpg|food/188/2.jpg|food/188/3.jpg
연포탕|어패류국.탕|1000.0|20.83245978888927|172.549595959596|57.55064278316879|73.49161435275747|104.504435506838|118.67407809508398|155.83040677011135|179.6|0.0|0.0|72.87435120921857|0.0|5.37430546863711|352.48688144644336|0.0|food/189/1.jpg|food/189/2.jpg|food/189/3.jpg
오리탕|육류찌개.전골|600.0|28.003461538461536|103.61818181818182|58.84|25.249333333333336|75100.0|103.13714285714286|126.904|58.699999999999996|0.0|204.16666666666669|131.66666666666669|255.00000000000003|6.22|76.94333333333334|0.0|food/190/1.jpg|food/190/2.jpg|food/190/3.jpg
추어탕|어패류찌개.전골|350.0|7.243461538461539|20.599999999999998|30.879999999999995|63.17733333333333|28700.0|42.28142857142858|57.41866666666666|14.2|0.0|17.5|20.0|77.5|25.790000000000003|18.48|0.0|food/53/1.jpg|food/53/2.jpg|food/53/3.jpg
해물탕|어패류국.탕|600.0|10.300384615384615|72.36363636363636|24.0|65.72666666666666|66.2|78.89285714285714|136.416|76.0|0.0|10.833333333333334|25.833333333333336|767.5000000000001|0.0|156.49666666666667|0.0|food/191/1.jpg|food/191/2.jpg|food/191/3.jpg
닭개장|육류국.탕|700.0|5.499230769230769|34.85454545454546|20.76|14.612|13000.0|39.74142857142857|77.87866666666667|12.7|0.0|42.50000000000001|32.5|16.25|0.72|22.276666666666667|0.0|food/192/1.jpg|food/192/2.jpg|food/192/3.jpg
육개장|육류국.탕|440.0|5.0126923076923084|29.472727272727273|21.0|9.694666666666665|24500.0|26.21714285714286|58.94933333333333|29.599999999999998|0.0|0.0|22.500000000000004|79.58333333333333|0.0|15.933333333333334|0.0|food/193/1.jpg|food/193/2.jpg|food/193/3.jpg
미역오이냉국|냉국류|350.0|0.8384615384615385|2.381818181818182|10.08|6.006666666666667|4900.0|3.3985714285714286|76.29333333333334|1.7000000000000002|0.0|28.33333333333334|1.6666666666666667|5.0|0.0|0.0|0.0|food/194/1.jpg|food/194/2.jpg|food/194/3.jpg
고등어찌개|어패류찌개.전골|600.0|23.13923076923077|88.9090909090909|62.8|35.49733333333334|44.2|95.86142857142856|172.27066666666667|28.199999999999996|0.0|28.33333333333334|40.833333333333336|695.8333333333333|0.0|52.019999999999996|0.0|food/195/1.jpg|food/195/2.jpg|food/195/3.jpg
꽁치찌개|어패류찌개.전골|300.0|13.653846153846153|43.63636363636363|37.6|29.322666666666663|28.599999999999998|50.08285714285714|86.42666666666668|14.2|0.0|1.6666666666666667|30.833333333333336|531.25|5.12|21.10666666666667|0.0|food/196/1.jpg|food/196/2.jpg|food/196/3.jpg
동태찌개|어패류찌개.전골|200.0|3.3546153846153843|22.21818181818182|14.2|8.877333333333333|9100.0|24.93|36.440666666666665|11.6|0.0|27.500000000000004|319.1666666666667|97.91666666666667|0.0|17.783333333333335|0.0|food/197/1.jpg|food/197/2.jpg|food/197/3.jpg
부대찌개|육류찌개.전골|600.0|28.35576923076923|63.92727272727272|55.52|16.398666666666667|38000.0|73.47285714285714|95.70599999999999|34.0|0.0|0.0|100.0|52.916666666666664|2.87|22.10333333333333|0.0|food/54/1.jpg|food/54/2.jpg|food/54/3.jpg
된장찌개|채소류찌개.전골|200.0|3.535|12.29090909090909|12.72|5.506666666666666|14000.0|15.770000000000001|42.39866666666667|3.4000000000000004|0.0|81.66666666666667|5.0|0.0|0.0|0.0|0.0|food/352/1.jpg|food/352/2.jpg|food/352/3.jpg
청국장찌개|채소류찌개.전골|200.0|3.5996153846153844|18.29090909090909|13.8|7.130666666666666|14400.0|19.875714285714285|32.32533333333333|12.4|0.0|0.8333333333333334|10.833333333333334|0.0|0.0|1.7366666666666666|0.0|food/353/1.jpg|food/353/2.jpg|food/353/3.jpg
두부전골|채소류찌개.전골|500.0|12.121538461538464|46.54545454545455|29.600000000000005|54.86666666666666|40.199999999999996|62.28|110.05133333333332|28.1|0.0|33.333333333333336|15.0|160.41666666666669|4.89|2.9499999999999997|0.0|food/198/1.jpg|food/198/2.jpg|food/198/3.jpg
곱창전골|육류찌개.전골|600.0|20.346153846153847|75.63636363636364|52.800000000000004|19.859999999999996|63.9|60.55571428571428|118.642|48.1|0.0|40.833333333333336|48.333333333333336|24.166666666666668|4.32|151.06333333333333|0.0|food/55/1.jpg|food/55/2.jpg|food/55/3.jpg
소고기전골|육류찌개.전골|100.0|6.730769230769231|12.727272727272727|0.0|0.0|0.0|0.0|30.333333333333336|0.0|0.0|0.0|0.0|0.0|0.0|3.6666666666666665|0.0|food/199/1.jpg|food/199/2.jpg|food/199/3.jpg
국수전골|육류찌개.전골|300.0|17.615384615384617|13.345454545454546|46.4|0.0|0.0|0.0|44.06666666666666|0.0|0.0|0.0|0.0|0.0|0.0|0.0|0.0|food/400/1.jpg|food/400/2.jpg|food/400/3.jpg
김치찌개|채소류찌개.전골|400.0|9.347402602476809|27.398252842819637|33.66666666666664|20.234103360452398|151.840805151176|30.105213749384284|130.80947065648468|0.0|0.0|91.18954702604833|65.3259731739516|0.0|0.0|8.392637362886767|0.0|food/354/1.jpg|food/354/2.jpg|food/354/3.jpg
버섯찌개|채소류찌개.전골|400.0|6.444615384615385|26.727272727272727|31.6|9.433333333333334|22.3|31.78285714285714|86.258|29.799999999999997|0.0|15.833333333333336|20.0|27.916666666666668|0.67|5.516666666666667|0.0|food/200/1.jpg|food/200/2.jpg|food/200/3.jpg
새우젓두부찌개|채소류찌개.전골|300.0|6.384615384615384|29.454545454545457|24.4|30.153333333333332|23.0|35.457142857142856|74.872|15.6|0.0|9.166666666666668|9.166666666666668|5.0|0.22999999999999998|3.5700000000000003|0.0|food/201/1.jpg|food/201/2.jpg|food/201/3.jpg
순두부찌개|채소류찌개.전골|200.0|3.2900000000000005|16.472727272727276|8.4|3.1386666666666665|11600.0|15.064285714285713|28.442666666666668|4.1|0.0|85.00000000000001|10.833333333333334|8.333333333333334|0.0|5.716666666666667|0.0|food/355/1.png|food/355/2.jpg|food/355/3.jpg
콩비지찌개|채소류찌개.전골|400.0|10.605|49.0|32.64|12.005333333333335|23500.0|47.32714285714286|77.06866666666666|22.000000000000004|0.0|10.0|24.166666666666668|0.0|8.57|9.493333333333332|0.0|food/202/1.jpg|food/202/2.jpg|food/202/3.jpg
햄김치찌개|육류찌개.전골|300.0|7.269230769230769|20.18181818181818|33.2|13.544|15.4|30.654285714285717|105.53666666666666|11.6|0.0|15.833333333333336|15.0|4.166666666666667|0.73|9.706666666666667|0.0|food/203/1.jpg|food/203/2.jpg|food/203/3.jpg
호박찌개|채소류찌개.전골|300.0|3.653846153846154|10.18181818181818|16.4|11.017333333333333|12.0|16.025714285714287|68.27399999999999|7.8|0.0|8.333333333333334|10.0|5.833333333333334|2.77|3.086666666666667|0.0|food/204/1.jpg|food/204/2.jpg|food/204/3.jpg
대구찜|어패류찜|500.0|14.477692307692308|94.0|34.8|56.523999999999994|32.1|96.37428571428572|126.57800000000002|23.4|0.0|25.833333333333336|28.33333333333334|226.25000000000003|0.0|87.77333333333334|0.0|food/205/1.jpg|food/205/2.jpg|food/205/3.jpg
도미찜|어패류찜|100.0|4.827144129974385|41.81080821102982|5.5271961961358|7.8879794610454805|6.6130788035973405|38.88158681272999|55.99746429301013|7.3|0.0|1.383396202583575|19.814702349154|0.0|1.72725739519164|33.00251955491424|0.0|food/206/1.jpg|food/206/2.jpg|food/206/3.jpg
동태찜|어패류찜|500.0|15.166153846153845|92.54545454545455|38.8|49.208|35.4|89.28285714285714|132.37333333333333|26.0|0.0|21.666666666666668|32.5|271.25|0.66|94.74000000000001|0.0|food/207/1.jpg|food/207/2.jpg|food/207/3.jpg
문어숙회|어패류찜|80.0|2.573629268534323|27.022231302874545|3.458045531080272|1.5892074037652932|1.26565355077068|14.883119203441858|13.888638763534933|18.7|0.0|0.0|4.348586987448367|0.0|1.11376908664768|46.70442942654633|0.0|food/208/1.jpg|food/208/2.jpg|food/208/3.jpg
민어찜|어패류찜|100.0|5.26452969662673|39.043725887681994|4.46097332591276|6.948344466802586|4.19413599450612|25.222472821494712|72.62898298337|6.5|0.0|3.440098872721567|11.97087223772575|0.0|0.0|32.589233073195366|0.0|food/209/1.jpg|food/209/2.jpg|food/209/3.jpg
병어찜|어패류찜|100.0|6.911076581928846|34.28550605410582|1.775683021870592|3.7830352479550395|3.0169513363043|28.782088862836712|43.39834648770321|7.3|0.0|5.058482020149191|11.2607204555435|0.0|0.0|23.973743254815634|0.0|food/210/1.jpg|food/210/2.jpg|food/210/3.jpg
북어찜|어패류찜|150.0|9.038461538461538|51.0909090909091|12.0|22.84133333333333|12.9|39.212857142857146|60.065333333333335|10.600000000000001|0.0|13.333333333333334|15.0|7.5|0.0|51.03333333333333|0.0|food/211/1.jpg|food/211/2.jpg|food/211/3.jpg
아귀찜|어패류찜|200.0|6.468461538461538|24.436363636363637|24.48|7.042666666666666|28000.0|31.167142857142853|52.20666666666667|11.000000000000002|0.0|231.66666666666663|22.500000000000004|121.25000000000001|3.2400000000000007|34.25666666666666|0.0|food/212/1.jpg|food/212/2.png|food/212/3.jpg
전어찜|어패류찜|100.0|10.700687162897845|31.409695738636366|11.17770653640808|82.36257069235467|46.2640275289277|68.11463551522385|29.82672902755967|19.400000000000002|0.0|13.252744398673919|15.767320874148835|0.0|14.936418672872701|32.6256587155084|0.0|food/213/1.jpg|food/213/2.jpg|food/213/3.jpg
조기찜|어패류찜|100.0|7.004521242915884|36.469949785305275|1.554844260865736|16.162797048627866|4.83461975924885|32.39443056645514|40.13555776805913|6.3|0.0|0.0|16.704176609342|0.0|0.428995441152338|46.144480300265336|0.0|food/214/1.jpg|food/214/2.jpg|food/214/3.jpg
참꼬막|어패류찜|80.0|3.491806539904781|22.67657656850709|6.940604581857681|8.35524780178652|96.059789486198|17.899172766700712|15.610849920511935|18.7|0.0|8.489556763396584|11.416523162895666|0.0|0.0|21.677402373552468|0.0|food/215/1.jpg|food/215/2.jpg|food/215/3.jpg
해물찜|어패류찜|500.0|15.387692307692308|77.45454545454545|42.0|75.46666666666667|80.0|83.69714285714286|142.48066666666668|48.5|0.0|5.0|29.166666666666668|614.5833333333334|0.0|139.72|0.0|food/216/1.jpg|food/216/2.jpg|food/216/3.jpg
홍어찜|어패류찜|250.0|7.794977631107923|85.67244949494946|8.3052828738368|85.736239546582|11.9595213432973|88.63433519779343|42.99720539400947|15.299999999999999|0.0|0.0|5.520574367243434|0.0|1.48013529722204|78.374347496279|0.0|food/217/1.jpg|food/217/2.jpg|food/217/3.jpg
닭갈비|육류구이|400.0|22.908076923076923|83.45454545454545|46.4|13.152|33.8|72.17857142857143|102.38866666666667|35.5|0.0|20.0|30.833333333333336|46.66666666666667|5.54|64.46666666666667|0.0|food/56/1.jpg|food/56/2.jpg|food/56/3.jpg
닭꼬치|육류구이|70.0|6.797025428349116|21.021314620641817|8.28683333333332|2.356672910569693|76.3691788880754|17.54258908165657|19.1274018344196|0.0|0.0|18.84551850865475|15.340344235478334|0.0|0.0|10.481239215748966|0.0|food/218/1.jpg|food/218/2.jpg|food/218/3.jpg
돼지갈비|육류구이|100.0|9.243076923076924|35.45454545454545|1.2|6.294666666666666|9.2|22.308571428571426|26.977333333333338|27.500000000000004|0.0|25.833333333333336|11.666666666666668|0.0|0.0|16.44666666666667|0.0|food/10/1.jpg|food/10/2.jpg|food/10/3.jpg
떡갈비|육류전|200.0|15.515384615384614|77.74545454545454|8.52|5.756|58000.0|48.69857142857143|53.839333333333336|133.9|0.0|0.0|40.833333333333336|239.1666666666667|1.54|45.35666666666666|0.0|food/11/1.jpg|food/11/2.jpg|food/11/3.jpg
불고기|육류구이|150.0|15.203461538461537|62.54545454545454|4.8|1.6413333333333335|36.3|42.958571428571425|37.38066666666667|97.39999999999999|0.0|6.666666666666667|20.0|0.0|0.0|22.95|0.0|food/12/1.jpg|food/12/2.jpg|food/12/3.jpg
소곱창구이|육류구이|150.0|10.613846153846152|40.599999999999994|12.76|5.862666666666667|22600.0|35.30428571428572|131.458|29.2|0.0|114.99999999999999|37.5|619.1666666666666|0.28|98.05666666666667|0.0|food/380/1.jpg|food/380/2.jpg|food/380/3.jpg
소양념갈비구이|육류구이|300.0|38.04423076923077|109.27272727272728|30.0|11.369333333333334|63.4|58.995714285714286|91.89666666666668|190.39999999999998|0.0|20.833333333333336|30.833333333333336|341.66666666666663|0.27|62.21|0.0|food/219/1.jpg|food/219/2.webp|food/219/3.jpg
소불고기|육류구이|200.0|13.046923076923079|59.67272727272728|28.28|4.994666666666666|45900.0|43.771428571428565|55.72066666666666|93.30000000000001|0.0|15.833333333333336|33.333333333333336|141.66666666666669|8.7|33.34666666666667|0.0|food/57/1.jpg|food/57/2.jpg|food/57/3.jpg
양념왕갈비|육류구이|150.0|18.49269230769231|49.27272727272727|5.6|4.161333333333333|29.300000000000004|24.964285714285715|36.584|82.6|0.0|0.0|8.333333333333334|0.0|0.0|19.506666666666668|0.0|food/220/1.jpg|food/220/2.jpg|food/220/3.jpg
햄버거스테이크|식육함유가공품|150.0|21.375|69.94545454545454|0.0|0.0|0.0|0.0|8.25|0.0|0.0|0.0|0.0|0.0|0.0|0.0|0.0|food/381/1.jpg|food/381/2.jpg|food/381/3.jpg
훈제오리|육류구이|250.0|30.659220832211542|78.28744019863473|5.43582656783464|5.132038914480333|41.658833809523|89.09568572618542|81.35780757190733|42.300000000000004|0.0|50.08372321065717|50.10075259761425|0.0|47.7088483639776|57.00130632043566|0.0|food/221/1.jpg|food/221/2.jpg|food/221/3.jpg
치킨데리야끼|육류구이|340.0|27.216923076923077|102.23636363636363|19.0|7.330666666666666|18100.0|59.13285714285714|60.41|38.800000000000004|0.0|27.500000000000004|33.333333333333336|20.0|72.98|60.39|0.0|food/13/1.jpg|food/13/2.jpg|food/13/3.jpg
치킨윙|치킨류|200.0|14.846153846153845|87.27272727272727|0.0|0.0|0.0|0.0|90.86666666666666|0.0|0.0|0.0|0.0|0.0|0.0|0.0|0.0|food/222/1.jpg|food/222/2.jpg|food/222/3.jpg
더덕구이|채소류구이|100.0|7.076923076923077|5.636363636363637|27.200000000000003|6.189333333333334|14.299999999999999|12.595714285714285|49.558|5.8999999999999995|0.0|19.166666666666668|6.666666666666667|0.0|1.34|0.039999999999999994|0.0|food/223/1.jpg|food/223/2.jpg|food/223/3.jpg
양배추구이|채소류|100.0|1.2307692307692308|3.109090909090909|9.6|5.733333333333333|3100.0|5.428571428571429|0.46666666666666673|1.5|0.0|9.25|2.916666666666667|0.0|40.26|0.0|7.249999999999999|food/382/1.jpg|food/382/2.jpg|food/382/3.jpg
두부구이|채소류구이|65.0|3.5046153846153847|12.763636363636364|0.0|0.0|0.0|0.0|0.13133333333333333|0.0|0.0|0.0|0.0|0.0|0.0|0.0|0.0|food/224/1.jpg|food/224/2.jpg|food/224/3.jpg
가자미전|어패류전|150.0|8.856982438425693|46.8363377840909|5.45541847863492|46.246488517976|7.6689961815821395|53.014678328058|54.624356664800935|12.7|0.0|13.198141346508665|16.810814194184|0.0|0.0|58.757427612344|0.0|food/225/1.jpg|food/225/2.jpg|food/225/3.jpg
굴전|어패류전|100.0|7.5|19.272727272727273|9.6|4.832|32.1|22.86857142857143|21.71333333333333|83.5|0.0|5.833333333333334|25.0|358.33333333333337|17.67|32.29333333333333|0.0|food/226/1.jpg|food/226/2.jpg|food/226/3.jpg
해물파전|어패류전|150.0|9.851538461538462|15.0|9.76|8.620000000000001|35200.0|19.75142857142857|29.95666666666667|6.8999999999999995|0.0|26.666666666666668|10.0|236.66666666666666|0.39|25.36|0.0|food/228/1.jpg|food/228/2.jpg|food/228/3.jpg
동그랑땡|육류전|150.0|11.8923221867985|35.668575757575816|14.58155857484676|13.119793461229012|20.340965273469198|35.18534607762914|36.87245247678747|19.5|0.0|26.677774293325168|21.97488427920275|0.0|0.0|34.421829915221004|0.0|food/229/1.jpg|food/229/2.jpg|food/229/3.jpg
햄부침|육류전|100.0|9.384615384615385|20.545454545454547|6.4|4.461333333333333|10.0|26.867142857142856|47.71066666666666|10.500000000000002|0.0|15.833333333333336|10.0|5.0|5.46|24.03666666666667|0.0|food/230/1.jpg|food/230/2.jpg|food/230/3.jpg
육전|육류전|200.0|15.515384615384614|77.74545454545454|8.52|5.756|58000.0|48.69857142857143|53.839333333333336|133.9|0.0|0.0|40.833333333333336|239.1666666666667|1.54|45.35666666666666|0.0|food/383/1.jpg|food/383/2.jpg|food/383/3.jpg
감자전|채소류전|200.0|10.216153846153846|6.236363636363636|16.2|2.3373333333333335|7200.0|13.024285714285714|39.104666666666674|4.9|0.0|13.333333333333334|5.0|0.0|3.02|0.0|0.0|food/231/1.jpg|food/231/2.jpg|food/231/3.jpg
고추전|채소류전|150.0|10.564979612529807|23.473409090909094|29.897022301951605|8.824141602222694|12.450454885381701|23.78161299923171|24.147010870413|12.7|0.0|16.835924744051166|15.88877680671975|0.0|9.87585505830437|26.270810611036467|0.0|food/232/1.jpg|food/232/2.jpg|food/232/3.jpg
김치전|채소류전|150.0|7.733846153846153|13.781818181818181|14.679999999999998|8.613333333333333|9400.0|15.505714285714287|24.008666666666667|6.6000000000000005|0.0|10.0|16.666666666666668|10.416666666666668|2.21|27.453333333333337|0.0|food/14/1.jpg|food/14/2.jpg|food/14/3.jpg
깻잎전|채소류전|150.0|13.888420745146693|32.24716666666673|18.39740304131624|14.6918268027664|20.2519469925541|33.42663680157186|32.00990814388053|18.6|0.0|21.207227856959666|23.8689420269415|0.0|0.0|43.932111065238|0.0|food/233/1.jpg|food/233/2.jpg|food/233/3.jpg
녹두빈대떡|부침류|100.0|7.997788242637731|14.444732323232326|18.4950679251038|2.81775017696436|9.710952113089691|18.024808449535143|15.469814470069931|8.399999999999999|0.0|11.8338602626755|10.991785386364583|0.0|1.6946809261616|4.161321442069934|0.0|food/234/1.jpg|food/234/2.jpg|food/234/3.jpg
미나리전|채소류전|150.0|8.708184951161769|9.525232615502654|14.9933745775548|4.338204361451346|5.15123241022665|9.892805951475072|16.580261625762667|3.3000000000000003|0.0|0.0|15.752038029061083|0.0|0.0|3.9617701228651665|0.0|food/235/1.jpg|food/235/2.jpg|food/235/3.jpg
배추전|채소류전|150.0|9.259463329741731|9.391908570856492|18.04549831799936|6.404089498449787|6.059684389579691|11.169716676605015|21.788391500355868|4.5|0.0|11.243622234361666|9.714756756515083|0.0|0.0|2.4116102926805034|0.0|food/236/1.jpg|food/236/2.jpg|food/236/3.jpg
버섯전|채소류전|150.0|9.257188585789153|19.134012855850184|21.60275682220936|5.58829544541128|13.4923611788566|29.153511385462714|20.9171041895716|15.6|0.0|29.174275174012333|21.702327394388004|0.0|0.0|33.366665547349335|0.0|food/15/1.jpg|food/15/2.jpg|food/15/3.jpg
부추전|채소류전|150.0|9.662307692307692|12.636363636363637|17.12|4.153333333333333|7600.0|9.865714285714287|24.672666666666665|4.0|0.0|0.0|13.333333333333334|0.0|0.25|13.083333333333332|0.0|food/237/1.jpg|food/237/2.jpg|food/237/3.jpg
야채전|채소류전|100.0|7.461538461538461|9.818181818181818|12.4|3.772|6.8999999999999995|12.417142857142856|21.434666666666665|6.6000000000000005|0.0|6.666666666666667|19.166666666666668|9.583333333333334|3.85|14.383333333333335|0.0|food/238/1.jpg|food/238/2.jpg|food/238/3.jpg
파전|채소류전|150.0|11.261485041816231|12.4254393939394|24.75706811724652|6.262819527313347|7.704329743621841|14.557593372171002|23.0641264811798|4.3|0.0|14.653407533138415|30.00686880393033|0.0|0.9453356968693909|15.380368094714367|0.0|food/16/1.jpg|food/16/2.jpg|food/16/3.jpg
호박부침개|채소류전|100.0|4.961538461538462|7.090909090909091|5.2|3.752|6.0|10.835714285714285|11.622|4.6|0.0|5.0|11.666666666666668|7.5|1.7000000000000002|17.493333333333332|0.0|food/239/1.jpg|food/239/2.jpg|food/239/3.jpg
호박전|채소류전|150.0|8.004002065474308|11.777853813894492|27.494643555624883|6.39903442625752|10.365732914703301|17.890995126353857|18.463501358074936|6.4|0.0|7.4902224169853096|9.218432252182668|0.0|0.0|30.841610682771396|0.0|food/17/1.jpg|food/17/2.jpg|food/17/3.jpg
달걀말이|기타 전.적|100.0|7.441923076923078|31.290909090909093|4.8|7.356|17400.0|26.514285714285712|29.938|11.000000000000002|0.0|0.0|36.66666666666667|65.83333333333334|0.31|113.28333333333333|0.0|food/240/1.jpg|food/240/2.jpg|food/240/3.jpg
두부부침|채소류전|100.0|5.381923076923077|19.854545454545455|2.6|8.430666666666667|17800.0|27.63|28.607333333333333|13.600000000000001|0.0|0.0|4.166666666666667|0.0|0.76|0.0|0.0|food/241/1.jpg|food/241/2.jpg|food/241/3.jpg
두부전|채소류전|150.0|9.793944644195307|37.196259410046544|16.72797063209332|33.833651526214936|30.058951094879298|43.26170121079843|21.143560968451666|19.5|0.0|0.0|6.681074055285342|0.0|0.0|1.0930481306014335|0.0|food/18/1.jpg|food/18/2.jpg|food/18/3.jpg
건새우볶음|어패류볶음|20.0|2.339615384615384|15.109090909090911|5.8|83.60799999999999|9100.0|21.755714285714284|20.718666666666667|8.399999999999999|0.0|0.0|5.833333333333334|51.66666666666667|2.55|25.863333333333333|0.0|food/242/1.jpg|food/242/2.jpg|food/242/3.jpg
낙지볶음|어패류볶음|200.0|7.026538461538462|20.96363636363636|22.16|7.634666666666666|8300.0|22.08142857142857|71.65733333333333|14.099999999999998|0.0|50.0|13.333333333333334|29.166666666666668|22.86|29.84|0.0|food/243/1.jpg|food/243/2.jpg|food/243/3.png
멸치볶음|어패류볶음|50.0|5.3076923076923075|35.85454545454545|20.24|70.05333333333333|48300.0|77.20285714285714|86.86999999999999|21.5|0.0|4.166666666666667|3.3333333333333335|227.91666666666669|1.8000000000000003|61.449999999999996|0.0|food/19/1.jpg|food/19/2.jpg|food/19/3.jpg
어묵볶음|어패류볶음|140.0|10.586153846153847|21.418181818181818|13.96|7.946666666666667|9700.0|17.95285714285714|76.31333333333333|6.800000000000001|0.0|300.8333333333333|4.166666666666667|7.083333333333335|0.2|7.7666666666666675|0.0|food/244/1.jpg|food/244/2.jpg|food/244/3.jpg
오징어볶음|어패류볶음|200.0|9.829230769230769|35.800000000000004|31.6|8.816|10600.0|39.09142857142857|41.30733333333333|14.499999999999998|0.0|0.0|34.166666666666664|117.91666666666667|17.96|72.78666666666666|0.0|food/356/1.jpg|food/356/2.jpg|food/356/3.jpg
오징어채볶음|어패류볶음|20.0|2.2892307692307696|7.4363636363636365|6.12|0.4066666666666666|900.0|5.171428571428572|17.593333333333334|3.9|0.0|43.333333333333336|0.8333333333333334|20.833333333333336|1.81|13.953333333333335|0.0|food/245/1.jpg|food/245/2.jpg|food/245/3.jpg
주꾸미볶음|어패류볶음|200.0|8.131282387555885|33.32012121212127|18.60345515024296|6.628675687403507|13.4744266923086|21.89139581777228|61.257570276982|21.9|0.0|6.383493957856342|13.496684719555086|0.0|13.04033430756|66.91961569666132|0.0|food/246/1.jpg|food/246/2.jpg|food/246/3.jpg
해물볶음|어패류볶음|400.0|16.11769230769231|69.45454545454545|36.8|56.580000000000005|82.5|79.49|117.01066666666667|47.699999999999996|0.0|0.0|23.333333333333336|540.4166666666666|17.16|109.86333333333333|0.0|food/20/1.jpg|food/20/2.jpg|food/20/3.jpg
감자볶음|채소류볶음|100.0|3.8530769230769235|3.1818181818181817|6.76|1.4693333333333332|3100.0|5.472857142857143|21.227333333333334|2.1999999999999997|0.0|1.6666666666666667|2.5|0.0|0.96|0.0|0.0|food/247/1.jpg|food/247/2.jpg|food/247/3.jpg
김치볶음|채소류볶음|100.0|4.079615384615384|2.509090909090909|12.920000000000002|7.0586666666666655|4100.0|7.464285714285715|34.76266666666667|2.9|0.0|10.833333333333334|15.0|3.3333333333333335|1.71|1.5533333333333332|0.0|food/21/1.jpg|food/21/2.jpg|food/21/3.jpg
깻잎나물볶음|채소류볶음|200.0|7.923076923076923|13.636363636363635|41.6|48.62266666666667|28.599999999999998|19.661428571428573|69.512|15.1|0.0|33.333333333333336|20.0|10.0|1.63|0.0|0.0|food/248/1.jpg|food/248/2.jpg|food/248/3.jpg
느타리버섯볶음|채소류볶음|50.0|1.8111538461538463|2.545454545454545|8.92|0.32933333333333337|2400.0|6.148571428571429|17.456|3.4000000000000004|0.0|0.0|5.0|0.0|1.81|0.0|0.0|food/249/1.jpg|food/249/2.jpg|food/249/3.jpg
두부김치|채소류볶음|250.0|11.085125760788422|35.39241161616163|42.0595328049408|32.961965030136795|32.457955739851094|44.67724833875072|65.97917487353406|17.599999999999998|0.0|56.677513990231674|14.127548176132414|0.0|2.84957191011014|4.6405259820308|0.0|food/22/1.jpg|food/22/2.jpg|food/22/3.jpg
머위나물볶음|채소류볶음|150.0|4.153846153846154|6.363636363636363|21.2|14.330666666666666|10.600000000000001|11.65285714285714|47.90866666666667|5.8999999999999995|0.0|11.666666666666668|5.833333333333334|2.916666666666667|1.87|0.0|0.0|food/250/1.jpg|food/250/2.jpg|food/250/3.jpg
양송이버섯볶음|채소류볶음|150.0|5.230769230769231|8.181818181818182|18.8|2.3426666666666667|6.6000000000000005|21.12857142857143|34.34466666666666|8.6|0.0|13.333333333333334|34.166666666666664|17.083333333333332|1.8000000000000003|0.0|0.0|food/251/1.jpg|food/251/2.jpg|food/251/3.jpg
표고버섯볶음|채소류볶음|150.0|5.461538461538462|8.181818181818182|37.2|2.753333333333333|6.800000000000001|15.584285714285715|38.32|12.6|0.0|13.333333333333334|14.16666666666667|7.083333333333335|1.5|0.0|0.0|food/23/1.jpg|food/23/2.jpg|food/23/3.jpg
고추잡채|기타 볶음류|200.0|9.875745753895963|19.988194059768364|18.27|4.378986379318373|245.457933941111|15.53444806300143|55.236361918600544|0.0|0.0|13.57983049938642|16.090842138972167|0.0|8.87747808699775|13.087585776525831|0.0|food/252/1.jpg|food/252/2.jpg|food/252/3.jpg
호박볶음|채소류볶음|50.0|1.1353846153846154|1.2|4.84|2.2546666666666666|1900.0|2.8771428571428572|14.892666666666665|1.4000000000000001|0.0|0.0|3.3333333333333335|0.8333333333333334|0.0|0.0|0.0|food/253/1.jpg|food/253/2.jpg|food/253/3.jpg
돼지고기볶음|육류볶음|200.0|13.487415996848846|41.74780750071345|12.0804|5.735291740993841|159.742894618851|29.437594901962|70.117203862136|0.0|0.0|39.44743572759609|42.88198201925883|0.0|0.745945266888766|19.290075482463966|0.0|food/254/1.jpg|food/254/2.jpg|food/254/3.jpg
돼지껍데기볶음|육류볶음|150.0|13.538461538461538|46.909090909090914|12.0|3.8053333333333335|10.700000000000001|10.641428571428571|51.98733333333333|4.9|0.0|7.5|7.5|3.75|0.0|15.916666666666668|0.0|food/255/1.jpg|food/255/2.jpg|food/255/3.jpg
소세지볶음|육류볶음|200.0|18.115384615384617|34.18181818181819|11.2|12.096|19.900000000000002|41.07857142857143|95.73733333333332|17.099999999999998|0.0|150.0|13.333333333333334|6.666666666666667|18.01|20.086666666666666|0.0|food/256/1.jpg|food/256/2.jpg|food/256/3.jpg
순대볶음|육류볶음|400.0|22.384615384615383|37.63636363636363|42.8|17.728|106.99999999999999|33.33285714285715|100.02333333333333|21.400000000000002|0.0|78.33333333333333|18.333333333333336|9.166666666666668|0.0|47.24|0.0|food/357/1.jpg|food/357/2.jpg|food/357/3.jpg
오리불고기|육류구이|250.0|13.904615384615385|30.672727272727272|36.36|4.787999999999999|23800.0|33.55714285714286|77.90333333333334|18.0|0.0|349.16666666666674|41.66666666666667|42.083333333333336|6.54|25.939999999999998|0.0|food/257/1.gif|food/257/2.jpg|food/257/3.jpg
오삼불고기|육류볶음|200.0|13.961538461538462|46.54545454545455|16.4|5.715999999999999|16.0|46.72571428571428|59.006|26.200000000000003|0.0|54.16666666666667|20.0|10.0|0.26|61.486666666666665|0.0|food/358/1.jpg|food/358/2.jpg|food/358/3.jpg
떡볶이|떡볶이류|180.0|10.00076923076923|11.472727272727273|7.519999999999999|3.44|3200.0|11.831428571428571|46.87466666666666|6.1|0.0|20.0|9.166666666666668|0.0|3.46|1.4033333333333333|0.0|food/359/1.jpg|food/359/2.jpg|food/359/3.jpg
라볶이|떡볶이류|200.0|10.32576923076923|10.290909090909091|15.479999999999999|13.673333333333332|4600.0|9.981428571428571|41.48533333333333|3.2|0.0|0.0|50.83333333333333|0.0|0.0|1.6766666666666665|0.0|food/258/1.jpg|food/258/2.jpg|food/258/3.jpg
마파두부|채소류볶음|160.0|6.705|21.21818181818182|14.000000000000002|6.1466666666666665|16500.0|21.674285714285716|37.56333333333334|10.0|0.0|571.6666666666666|1.6666666666666667|6.25|5.77|3.6199999999999997|0.0|food/360/1.jpg|food/360/2.jpg|food/360/3.jpg
가자미조림|어패류조림|300.0|11.460769230769232|67.45454545454545|21.6|30.5|15.2|63.61857142857142|112.85533333333333|19.3|0.0|27.500000000000004|22.500000000000004|265.4166666666667|4.18|75.99333333333334|0.0|food/259/1.jpg|food/259/2.jpg|food/259/3.jpg
갈치조림|어패류조림|100.0|3.8776923076923078|23.12727272727273|10.52|4.798666666666667|5200.0|22.435714285714287|37.836666666666666|5.2|0.0|0.0|6.666666666666667|74.16666666666667|0.8500000000000001|16.830000000000002|0.0|food/24/1.jpg|food/24/2.jpg|food/24/3.jpg
고등어조림|어패류조림|100.0|5.423461538461538|20.454545454545457|9.8|6.4879999999999995|8100.0|21.122857142857146|25.971333333333334|5.300000000000001|0.0|56.66666666666668|14.16666666666667|145.83333333333334|1.7500000000000002|10.016666666666667|0.0|food/25/1.jpg|food/25/2.jpg|food/25/3.jpg
꽁치조림|어패류조림|100.0|9.36576923076923|28.21818181818182|14.24|10.345333333333334|12900.0|29.04|23.311333333333334|7.3999999999999995|0.0|220.83333333333334|20.833333333333336|394.58333333333337|2.72|10.936666666666667|0.0|food/260/1.jpg|food/260/2.jpg|food/260/3.jpg
동태조림|어패류조림|250.0|10.615384615384615|74.18181818181819|16.8|44.872|14.499999999999998|66.40142857142857|92.77933333333334|17.7|0.0|26.666666666666668|25.0|195.83333333333334|1.05|72.81666666666666|0.0|food/261/1.jpg|food/261/2.jpg|food/261/3.jpg
북어조림|어패류조림|100.0|6.994629986451385|37.86604040404036|8.29102020954752|20.653553199405465|6.982385955743739|29.60863245284286|51.06307508823027|7.5|0.0|9.074658286360167|9.65291561671875|0.0|3.4106588339297|33.20967441072687|0.0|food/262/1.jpg|food/262/2.jpg|food/262/3.jpg
조기조림|어패류조림|300.0|14.76923076923077|74.72727272727273|26.0|45.04266666666666|17.4|66.07428571428571|118.08133333333333|17.2|0.0|23.333333333333336|22.500000000000004|11.250000000000002|0.77|76.06|0.0|food/263/1.jpg|food/263/2.jpg|food/263/3.jpg
코다리조림|어패류조림|100.0|3.3099999999999996|29.92727272727273|51.4|9.778666666666668|5800.0|23.235714285714288|31.034666666666666|6.0|0.0|0.0|18.333333333333336|73.75|6.72|22.266666666666666|0.0|food/264/1.jpg|food/264/2.jpg|food/264/3.jpg
달걀장조림|기타 조림류|100.0|5.311923076923077|17.909090909090907|6.16|5.077333333333333|14500.0|19.107142857142854|41.833333333333336|8.0|0.0|3.3333333333333335|30.833333333333336|24.583333333333332|0.16|82.22666666666667|0.0|food/265/1.jpg|food/265/2.jpg|food/265/3.jpg
메추리알장조림|기타 조림류|100.0|7.802307692307693|25.90909090909091|3.04|9.901333333333334|29300.0|38.48571428571429|50.30066666666667|17.9|0.0|2.5|29.166666666666668|212.91666666666669|1.3|129.81666666666666|0.0|food/58/1.jpg|food/58/2.jpg|food/58/3.jpg
돼지고기메추리알장조림|육류조림|50.0|2.4420175720463537|15.156889554116457|2.104948889305768|1.1790545826964267|5.56385245136782|9.433462793375215|38.865811683768534|8.1|0.0|11.360842065141249|6.586754949296192|0.0|0.0304293795439109|15.8800157381597|0.0|food/266/1.jpg|food/266/2.jpg|food/266/3.jpg
소고기메추리알장조림|육류조림|50.0|2.3327834343377347|14.793646837276563|2.316366112674064|1.1273557730279893|7.961368860815529|8.230408605615656|40.141316767184065|13.999999999999998|0.0|4.709880285759375|5.6340330732696415|0.0|0.0249011704425008|13.838612639640566|0.0|food/267/1.jpg|food/267/2.jpg|food/267/3.jpg
고추조림|채소류조림|100.0|4.269230769230769|6.0|16.0|6.121333333333332|9.3|9.895714285714286|51.94|4.5|0.0|10.0|2.5|11.666666666666668|6.07|2.3633333333333333|0.0|food/268/1.jpg|food/268/2.jpg|food/268/3.jpg
연근조림|채소류조림|50.0|3.3534615384615387|2.4363636363636365|5.2|2.216|7700.0|3.9214285714285717|22.038666666666664|2.3|0.0|0.0|4.166666666666667|0.0|2.65|0.0|0.0|food/269/1.jpg|food/269/2.jpg|food/269/3.jpg
우엉조림|채소류조림|30.0|2.1746153846153846|2.618181818181818|6.92|3.004|3400.0|6.314285714285715|23.478|1.9|0.0|0.0|2.5|0.0|1.29|0.0|0.0|food/270/1.jpg|food/270/2.jpg|food/270/3.jpg
알감자조림|채소류조림|50.0|2.184230769230769|2.1818181818181817|3.64|1.168|2300.0|4.001428571428572|16.234666666666666|1.5|0.0|0.0|1.6666666666666667|0.0|0.35|0.0|0.0|food/384/1.jpg|food/384/2.jpg|food/384/3.jpg
두부간장조림|기타 조림류|50.0|2.751923076923077|8.763636363636364|1.6|3.5613333333333337|7400.0|10.817142857142857|5.3773333333333335|5.8|0.0|40.0|2.5|0.0|0.32|0.0|0.0|food/385/1.jpg|food/385/2.jpg|food/385/3.jpg
콩조림|기타 조림류|30.0|3.241153846153846|9.799999999999999|18.72|3.626666666666666|10000.0|10.755714285714287|17.354|6.5|0.0|0.0|2.5|0.0|1.1|0.0|0.0|food/26/1.jpg|food/26/2.jpg|food/26/3.jpg
두부고추장조림|기타 조림류|50.0|2.751923076923077|8.763636363636364|1.6|3.5613333333333337|7400.0|10.817142857142857|5.3773333333333335|5.8|0.0|40.0|2.5|0.0|0.32|0.0|0.0|food/386/1.jpg|food/386/2.jpg|food/386/3.jpg
땅콩조림|기타 조림류|20.0|3.7123076923076916|6.8181818181818175|8.2|2.3373333333333335|3200.0|9.698571428571428|7.649333333333333|3.9|0.0|0.0|1.6666666666666667|0.0|0.4|0.0|0.0|food/271/1.jpg|food/271/2.jpg|food/271/3.jpg
미꾸라지튀김|어패류튀김|100.0|14.903333038026922|19.794141414141457|13.82629599120164|71.5440592539996|13.3994912182302|62.56033870521057|21.631146081547197|13.5|0.0|1.1912939883659917|21.840269401188834|0.0|0.0|16.715322572169836|0.0|food/272/1.png|food/272/2.jpg|food/272/3.jpg
새우튀김|어패류튀김|150.0|16.55153846153846|46.4|12.560000000000002|42.57866666666666|15200.0|49.112857142857145|48.57066666666666|19.900000000000002|0.0|0.0|5.833333333333334|75.0|5.85|53.6|0.0|food/27/1.jpg|food/27/2.jpg|food/27/3.jpg
생선가스|어패류튀김|200.0|25.132335331562654|44.24429485045127|15.3639209074|6.218138116852374|9.65913830658997|48.562668321767426|52.574859585719466|10.3|0.0|7.2672464036893345|14.493835059015666|0.0|0.0|24.241032646669204|0.0|food/387/1.jpg|food/387/2.jpg|food/387/3.gif
쥐포튀김|어패류튀김|100.0|13.727391982488191|17.484741504900253|5.52828622594132|10.85234709530568|6.53993331032956|22.401512764061142|47.801635527725466|5.0|0.0|3.724711297448117|5.952679654755508|0.0|0.0|9.567169969925333|0.0|food/273/1.jpg|food/273/2.jpg|food/273/3.jpg
오징어튀김|어패류튀김|150.0|19.450384615384614|33.74545454545454|13.600000000000001|3.678666666666667|4700.0|41.462857142857146|33.666000000000004|17.599999999999998|0.0|0.0|15.0|100.0|6.54|47.06|0.0|food/274/1.jpg|food/274/2.jpg|food/274/3.jpg
닭강정|육류튀김|200.0|17.311153846153847|43.054545454545455|5.4|12.530666666666669|12500.0|38.56|86.99066666666666|9.1|0.0|0.0|34.166666666666664|17.5|0.22999999999999998|25.95|0.0|food/28/1.jpg|food/28/2.jpg|food/28/3.png
닭튀김|육류튀김|300.0|34.73076923076923|118.54545454545456|18.0|5.306666666666667|21.800000000000004|106.86857142857143|82.96533333333333|34.599999999999994|0.0|31.66666666666667|48.333333333333336|28.33333333333334|16.88|59.31000000000001|0.0|food/275/1.jpg|food/275/2.jpg|food/275/3.jpg
돈가스|육류튀김|200.0|17.84346153846154|61.36363636363637|8.96|4.8|11200.0|47.93142857142857|54.32|23.799999999999997|0.0|90.00000000000001|35.833333333333336|23.75|5.94|33.163333333333334|0.0|food/59/1.jpg|food/59/2.jpg|food/59/3.png
모래집튀김|육류튀김|150.0|18.014230769230767|51.0909090909091|8.0|4.754666666666666|26.6|43.72571428571428|21.496000000000002|42.00000000000001|0.0|3.3333333333333335|20.833333333333336|0.0|0.45000000000000007|83.97|0.0|food/276/1.jpg|food/276/2.jpg|food/276/3.jpg
양념치킨|치킨류|200.0|21.23076923076923|64.54545454545455|8.4|4.476|14.7|54.42|53.699333333333335|22.3|0.0|21.666666666666668|25.833333333333336|12.916666666666668|0.2|45.93|0.0|food/29/1.jpg|food/29/2.jpg|food/29/3.jpg
치즈돈가스|육류튀김|250.0|29.052653651481307|76.39983718626182|13.03717085596536|56.138368985371066|13.034140116876799|87.53055821611242|58.05127362695306|41.0|0.0|57.011276872605166|34.18235710794925|0.0|0.165822743022924|32.93585792239296|0.0|food/277/1.jpg|food/277/2.jpg|food/277/3.jpg
치킨가스|치킨류|200.0|22.807597528837|50.75061290235454|15.44484324362084|20.928229619369198|11.526276141115|55.39654335817086|51.951423606451876|15.9|0.0|15.110648651852085|19.407447453848|0.0|0.0|24.3232779854427|0.0|food/388/1.jpg|food/388/2.jpg|food/388/3.jpg
탕수육|육류튀김|200.0|13.806538461538462|49.472727272727276|11.56|3.868|11200.0|38.11857142857142|54.31066666666666|17.9|0.0|0.0|18.333333333333336|23.75|8.77|30.37|0.0|food/361/1.jpg|food/361/2.jpg|food/361/3.jpg
깐풍기|육류튀김|150.0|13.251538461538463|34.345454545454544|3.8|7.669333333333333|17500.0|29.26142857142857|41.03733333333333|14.299999999999999|0.0|0.0|5.833333333333334|0.0|6.03|29.393333333333338|0.0|food/278/1.jpg|food/278/2.jpg|food/278/3.jpg
감자튀김|채소류튀김|150.0|17.990384615384617|12.4|23.64|2.6053333333333333|15500.0|26.425714285714285|7.807333333333332|8.799999999999999|0.0|0.0|21.666666666666668|0.0|1.79|0.0|0.0|food/60/1.jpg|food/60/2.jpg|food/60/3.jpg
고구마맛탕|채소류튀김|200.0|18.884615384615387|6.0|36.0|8.929333333333334|12.3|21.767142857142858|5.128666666666667|5.8999999999999995|0.0|15.833333333333336|7.5|0.0|1.92|0.0|0.0|food/279/1.jpg|food/279/2.jpg|food/279/3.png
고구마튀김|채소류튀김|100.0|9.729387516079615|4.950860956142035|8.1822088961168|3.3205874589402398|5.599305065240699|11.886430014543556|9.894016744025201|2.4|0.0|7.797962207918367|8.3927848496015|0.0|0.0|6.945165004409867|0.0|food/280/1.png|food/280/2.jpg|food/280/3.jpg
고추튀김|채소류튀김|100.0|7.769230769230768|13.818181818181818|8.8|5.712000000000001|8.6|15.221428571428572|16.61|7.7|0.0|28.33333333333334|12.5|7.916666666666668|3.2799999999999994|11.969999999999999|0.0|food/281/1.jpg|food/281/2.jpg|food/281/3.jpg
김말이튀김|기타 튀김류|150.0|14.80423076923077|5.4|13.0|6.258666666666667|16800.0|10.575714285714286|32.129999999999995|2.0|0.0|12.5|25.0|94.58333333333334|5.83|0.0|0.0|food/61/1.jpg|food/61/2.jpg|food/61/3.jpg
채소튀김|채소류튀김|100.0|15.562692307692307|5.909090909090909|12.08|3.697333333333334|13500.0|16.682857142857145|18.523333333333337|3.3000000000000003|0.0|12.5|15.0|0.0|5.65|0.0|0.0|food/282/1.jpg|food/282/2.jpg|food/282/3.jpg
노각무침|나물.채소류무침|150.0|3.230769230769231|4.7272727272727275|16.0|5.309333333333333|9.1|10.107142857142858|54.49133333333334|4.8|0.0|10.833333333333334|5.0|2.5|3.56|0.0|0.0|food/283/1.jpg|food/283/2.jpg|food/283/3.jpg
단무지무침|나물.채소류무침|50.0|0.7692307692307693|0.9090909090909091|6.4|2.024|2.1999999999999997|1.6042857142857143|28.59466666666667|1.0|0.0|1.6666666666666667|0.8333333333333334|0.4166666666666667|0.26|0.0|0.0|food/284/1.jpg|food/284/2.jpg|food/284/3.jpg
달래나물무침|나물.채소류무침|150.0|5.230769230769231|7.2727272727272725|25.6|11.368|16.599999999999998|12.908571428571427|57.80266666666667|7.199999999999999|0.0|14.16666666666667|11.666666666666668|5.833333333333334|4.77|0.0|0.0|food/285/1.jpg|food/285/2.jpg|food/285/3.jpg
더덕무침|나물.채소류무침|150.0|8.307692307692308|7.8181818181818175|28.4|7.958666666666667|21.200000000000003|17.94142857142857|83.10533333333333|7.3999999999999995|0.0|23.333333333333336|9.166666666666668|0.0|2.21|0.05666666666666667|0.0|food/286/1.jpg|food/286/2.jpg|food/286/3.jpg
도라시생채|나물.채소류무침|160.0|4.768076923076923|6.0|29.32|7.385333333333334|6700.0|11.024285714285714|30.194000000000003|4.5|0.0|0.0|6.666666666666667|0.0|1.06|0.0|0.0|food/389/1.jpg|food/389/2.jpg|food/389/3.jpg
도토리묵|기타|100.0|1.7537530582932461|0.5317989898989892|3.7698754729362323|1.6888864923694136|4.61251605815632|0.9232353993654556|8.276462494646001|0.7000000000000001|0.0|0.34444561507777505|1.7487982513394|0.0|0.0|0.0|0.0|food/362/1.jpg|food/362/2.jpg|food/362/3.png
마늘쫑무침|나물.채소류무침|30.0|1.2276923076923079|1.4909090909090907|7.12|1.764|1800.0|2.444285714285714|6.254666666666667|1.3|0.0|50.0|2.5|0.0|1.39|0.0|0.0|food/287/1.jpg|food/287/2.jpg|food/287/3.jpg
무생채|나물.채소류무침|150.0|2.828461538461539|6.618181818181819|29.359999999999996|20.459999999999997|7900.0|12.215714285714286|82.148|6.2|0.0|10.0|5.0|5.0|0.83|4.043333333333334|0.0|food/30/1.jpg|food/30/2.jpg|food/30/3.jpg
부추무침|나물.채소류무침|100.0|3.55|6.363636363636363|22.32|9.030666666666667|7400.0|8.542857142857143|44.418|5.8|0.0|0.0|10.833333333333334|0.0|0.57|4.91|0.0|food/31/1.jpg|food/31/2.jpg|food/31/3.jpg
오이생채|나물.채소류무침|50.0|1.3280769230769232|1.6181818181818182|3.36|2.0586666666666664|2300.0|3.7271428571428573|15.795333333333334|1.7000000000000002|0.0|0.8333333333333334|2.5|0.0|0.29|0.0|0.0|food/32/1.jpg|food/32/2.jpg|food/32/3.jpg
파무침|나물.채소류무침|150.0|4.075|6.145454545454545|21.12|9.362666666666666|8600.0|9.884285714285713|42.379333333333335|4.3|0.0|0.0|10.0|0.0|0.79|3.1266666666666674|0.0|food/288/1.jpg|food/288/2.jpg|food/288/3.jpg
상추겉절이|나물.채소류무침|100.0|2.3515384615384614|4.29090909090909|13.56|9.012|6600.0|7.925714285714286|28.742666666666665|3.1|0.0|0.0|10.0|0.0|0.13|1.9333333333333333|0.0|food/289/1.jpg|food/289/2.jpg|food/289/3.jpg
쑥갓나물무침|나물.채소류무침|150.0|3.6923076923076925|8.181818181818182|23.2|20.80933333333333|13.200000000000001|12.558571428571428|47.33266666666667|6.7|0.0|7.5|10.0|0.0|0.49|0.01666666666666667|0.0|food/290/1.jpg|food/290/2.jpg|food/290/3.jpg
청포묵무침|기타 생채.무침류|250.0|5.730769230769231|5.2727272727272725|16.0|4.4159999999999995|6.1|7.021428571428571|48.268|3.5999999999999996|0.0|4.166666666666667|4.166666666666667|2.0833333333333335|2.73|0.0|0.0|food/291/1.jpg|food/291/2.jpg|food/291/3.jpg
해파리냉채|어패류무침|150.0|3.5000000000000004|11.272727272727273|8.4|5.914666666666666|8.399999999999999|10.665714285714285|33.918|4.3999999999999995|0.0|8.333333333333334|3.3333333333333335|14.16666666666667|0.09|13.443333333333332|0.0|food/292/1.jpg|food/292/2.jpg|food/292/3.jpg
가지나물|나물.숙채류|50.0|0.6903846153846154|1.2909090909090908|5.32|1.5466666666666666|1200.0|3.2199999999999998|9.138666666666667|1.0|0.0|0.0|2.5|0.0|0.4|0.0|0.0|food/293/1.jpg|food/293/2.jpg|food/293/3.jpg
고사리나물|나물.숙채류|50.0|1.7296153846153846|3.436363636363636|11.28|4.643999999999999|5800.0|4.521428571428571|14.713999999999999|3.8|0.0|0.0|2.5|0.0|0.0|0.0|0.0|food/294/1.jpg|food/294/2.jpg|food/294/3.jpg
도라지나물|나물.숙채류|50.0|2.5015384615384617|2.2545454545454544|9.76|3.168|2200.0|3.7914285714285714|13.700666666666667|1.5|0.0|0.0|1.6666666666666667|0.0|0.0|0.0|0.0|food/295/1.jpg|food/295/2.jpg|food/295/3.jpg
무나물|나물.숙채류|50.0|0.4061538461538462|0.5636363636363636|3.2799999999999994|1.6426666666666665|300.0|0.7771428571428572|11.739333333333333|0.8999999999999999|0.0|5.833333333333334|0.8333333333333334|0.0|0.12|0.0|0.0|food/62/1.jpg|food/62/2.jpg|food/62/3.jpg
미나리나물|나물.숙채류|50.0|1.135904025969669|1.8481729212618|7.062784843667319|5.178801018741094|2.8042910067077496|3.9213341917717996|10.021967308032732|1.4000000000000001|0.0|0.0|2.897121188558917|0.0|0.0|0.0|0.0|food/296/1.jpg|food/296/2.jpg|food/296/3.jpg
숙주나물|나물.숙채류|50.0|0.6730769230769231|2.018181818181818|3.36|0.9986666666666666|1800.0|2.5414285714285714|13.434666666666667|0.8|0.0|0.8333333333333334|2.5|0.0|0.53|0.0|0.0|food/297/1.jpg|food/297/2.jpg|food/297/3.jpg
시금치나물|나물.숙채류|50.0|1.3184615384615386|3.4000000000000004|3.9599999999999995|5.741333333333333|6400.0|4.167142857142857|4.541333333333333|4.3|0.0|0.0|8.333333333333334|0.0|0.13|0.0|0.0|food/298/1.jpg|food/298/2.jpg|food/298/3.jpg
취나물|나물.숙채류|50.0|2.850011959820327|2.4993499201574543|13.031079943339318|9.949752815393719|5.66110625481749|3.0855003338266287|18.790491456914665|2.6|0.0|0.0|2.308552545212559|0.0|0.315373155637011|0.0|0.0|food/33/1.jpg|food/33/2.jpg|food/33/3.jpg
콩나물|나물.숙채류|50.0|0.9747700412022654|3.0546256275775456|6.10767235086172|2.4662692865069866|2.8066236476446598|3.9663405793233566|14.263304714340466|1.5|0.0|0.0|2.3863461258413836|0.0|0.0|0.0|0.0|food/363/1.jpg|food/363/2.jpg|food/363/3.jpg
고구마줄기나물|나물.숙채류|50.0|1.6015384615384616|0.8909090909090909|6.24|7.388|1500.0|2.045714285714286|5.975333333333333|0.7000000000000001|0.0|0.0|2.5|0.0|0.08|0.0|0.0|food/299/1.jpg|food/299/2.jpg|food/299/3.jpg
우거지나물무침|나물.채소류무침|150.0|4.961538461538462|8.181818181818182|34.8|26.070666666666664|25.8|12.362857142857143|51.501333333333335|8.5|0.0|20.833333333333336|5.0|1.6666666666666667|0.8500000000000001|0.4366666666666667|0.0|food/300/1.jpg|food/300/2.jpg|food/300/3.jpg
골뱅이무침|어패류무침|100.0|4.184293260661231|12.874334303112253|14.7788|5.0752459317688|69.0281744788082|10.33383496538213|35.03439053951474|0.0|0.0|8.599324863300001|12.889386098144085|0.0|0.0|12.784434057449001|0.0|food/301/1.jpg|food/301/2.jpg|food/301/3.jpg
김무침|어패류무침|30.0|2.983461538461538|11.545454545454545|20.96|9.642666666666667|15100.0|16.27285714285714|20.220000000000002|6.1|0.0|0.0|35.0|578.3333333333334|3.4000000000000004|0.0|0.0|food/302/1.jpg|food/302/2.jpg|food/302/3.jpg
미역초무침|어패류무침|50.0|0.6726923076923077|1.0727272727272725|7.88|5.237333333333334|1600.0|1.7985714285714285|15.06|1.2|0.0|0.0|3.3333333333333335|7.083333333333335|0.0|0.0|0.0|food/303/1.jpg|food/303/2.jpg|food/303/3.jpg
북어채무침|어패류무침|150.0|10.846923076923076|77.45454545454545|26.6|28.858666666666664|15500.0|76.48428571428572|75.59333333333333|14.6|0.0|0.0|40.833333333333336|134.58333333333334|0.36|55.37333333333333|0.0|food/304/1.jpg|food/304/2.jpg|food/304/3.jpg
회무침|어패류무침|250.0|7.8442307692307685|36.76363636363636|25.88|21.277333333333335|21700.0|44.21000000000001|45.79866666666666|16.9|0.0|35.833333333333336|25.0|42.91666666666667|2.09|21.996666666666663|0.0|food/34/1.jpg|food/34/2.jpg|food/34/3.jpg
쥐치채|어패류무침|20.0|2.150667042256142|5.007711111111109|2.217116989778652|5.423013024107172|2.4820976498106004|6.768506674317229|19.756173373932533|1.2|0.0|0.35395632482283335|0.5568635066864667|0.0|0.0|2.85789314873691|0.0|food/305/1.jpg|food/305/2.jpg|food/305/3.jpg
파래무침|어패류무침|30.0|0.5703846153846154|1.9272727272727275|4.2|1.9866666666666668|65900.0|2.7214285714285715|14.718|1.3|0.0|0.0|3.3333333333333335|86.25|3.72|0.21666666666666665|0.0|food/306/1.jpg|food/306/2.jpg|food/306/3.jpg
홍어무침|어패류무침|200.0|7.6514086019737695|32.46135353535345|26.88409776447648|39.921884271542936|18.2299976644651|40.39154101126614|53.46924816522793|8.399999999999999|0.0|12.252610189049584|12.899859290002503|0.0|4.30849305216976|19.008550184934833|0.0|food/307/1.jpg|food/307/2.jpg|food/307/3.jpg
잡채|기타 볶음류|200.0|11.198076923076922|17.10909090909091|29.4|9.621333333333332|33000.0|17.33285714285714|47.97866666666666|15.299999999999999|0.0|169.16666666666666|8.333333333333334|7.083333333333335|0.0|15.103333333333335|0.0|food/364/1.jpg|food/364/2.jpg|food/364/3.jpg
탕평채|기타 생채.무침류|100.0|3.7498619221638925|6.458210893021127|10.6680395289294|2.598664621676893|6.461694545676069|6.684279635636971|17.3597548481334|6.5|0.0|3.3509589398094253|3.202216944086975|0.0|6.64797541339924|15.748110910171635|0.0|food/308/1.jpg|food/308/2.jpg|food/308/3.jpg
갓김치|김치|40.0|0.6357692307692309|1.8727272727272728|5.92|5.548|7900.0|3.452857142857143|11.681333333333335|2.0999999999999996|0.0|4.166666666666667|4.166666666666667|0.0|0.0|0.006666666666666667|0.0|food/309/1.jpg|food/309/2.jpg|food/309/3.jpg
고들빼기|김치|50.0|2.1355907778643806|2.872257575757582|11.40954700870844|3.4190900904474937|19.1275353537325|3.5501562793086854|49.49523794036787|2.1999999999999997|0.0|3.6264611196948002|5.364862170825492|0.0|0.0|0.9923352979952134|0.0|food/35/1.jpg|food/35/2.jpg|food/35/3.jpg
깍두기|김치|50.0|0.6307692307692307|1.4181818181818182|4.28|3.026666666666667|1400.0|2.5414285714285714|26.916666666666668|0.8|0.0|4.166666666666667|2.5|0.0|0.27|0.51|0.0|food/365/1.jpg|food/365/2.jpg|food/365/3.jpg
깻잎김치|김치|50.0|1.198076923076923|2.5636363636363635|7.12|4.802666666666667|3400.0|3.8971428571428572|30.801999999999996|2.5|0.0|3.3333333333333335|5.833333333333334|0.0|1.42|0.0|0.0|food/310/1.jpg|food/310/2.jpg|food/310/3.jpg
나박김치|김치|100.0|0.3776923076923077|0.8363636363636364|3.2400000000000007|1.0493333333333335|2000.0|1.3842857142857143|25.16333333333333|2.6|0.0|11.666666666666668|1.6666666666666667|0.0|2.14|0.0|0.0|food/311/1.jpg|food/311/2.jpg|food/311/3.jpg
동치미|김치|200.0|1.0465384615384616|1.0545454545454545|8.32|1.9213333333333331|8600.0|3.4957142857142856|54.916|0.3|0.0|0.0|2.5|0.0|2.43|0.0|0.0|food/312/1.jpg|food/312/2.jpg|food/312/3.jpg
배추겉절이|나물.채소류무침|50.0|1.050769230769231|2.0727272727272728|7.08|3.6733333333333333|2300.0|4.014285714285714|10.921333333333333|2.0999999999999996|0.0|10.833333333333334|3.3333333333333335|1.25|0.22|0.48333333333333334|0.0|food/313/1.jpg|food/313/2.jpg|food/313/3.jpg
배추김치|김치|40.0|0.41000000000000003|1.2363636363636366|3.4000000000000004|2.1333333333333333|1900.0|2.5885714285714285|8.202|1.7999999999999998|0.0|12.5|1.6666666666666667|0.8333333333333334|1.08|0.13333333333333336|0.0|food/36/1.jpg|food/36/2.jpg|food/36/3.jpg
백김치|김치|90.0|0.6369230769230768|1.6727272727272728|4.04|3.304|2400.0|3.672857142857143|26.84333333333333|2.4|0.0|15.0|2.5|0.0|0.0|0.0|0.0|food/314/1.jpg|food/314/2.jpg|food/314/3.png
부추김치|김치|50.0|0.8973076923076923|2.4363636363636365|7.519999999999999|2.477333333333333|2500.0|3.1242857142857146|25.377333333333336|2.0999999999999996|0.0|3.3333333333333335|5.0|0.0|0.21|0.0|0.0|food/315/1.jpg|food/315/2.jpg|food/315/3.jpg
열무김치|김치|40.0|0.4119230769230769|1.309090909090909|3.52|6.0360000000000005|400.0|3.445714285714286|12.964666666666666|1.0|0.0|50.0|3.3333333333333335|0.0|1.42|0.0|0.0|food/37/1.jpg|food/37/2.jpg|food/37/3.jpg
열무얼갈이김치|김치|50.0|0.6801615068663923|1.9528535353535275|6.297278185677641|5.256077585582453|10.9382444984878|2.9427861903598713|22.660226192254402|2.0|0.0|5.843612883340741|4.469489869211875|0.0|0.0|0.34459670915977664|0.0|food/316/1.jpg|food/316/2.jpg|food/316/3.jpg
오이소박이|김치|100.0|1.2453846153846155|3.1454545454545455|7.76|3.094666666666667|4800.0|6.068571428571428|36.068666666666665|4.1|0.0|80.83333333333333|4.166666666666667|0.0|0.0|0.0|0.0|food/317/1.jpg|food/317/2.jpg|food/317/3.jpg
총각김치|김치|70.0|0.8803846153846153|1.7818181818181817|7.32|4.009333333333333|3600.0|4.961428571428571|22.133333333333333|1.7999999999999998|0.0|13.333333333333334|3.3333333333333335|0.0|1.54|0.039999999999999994|0.0|food/318/1.jpg|food/318/2.jpg|food/318/3.jpg
파김치|김치|30.0|0.5123076923076922|1.4000000000000001|4.88|1.9640000000000002|1800.0|2.4157142857142855|17.277333333333335|1.4000000000000001|0.0|0.0|3.3333333333333335|0.0|0.74|0.01666666666666667|0.0|food/319/1.jpg|food/319/2.jpg|food/319/3.jpg
간장게장|젓갈류|250.0|5.976923076923077|31.927272727272726|11.0|21.634666666666664|23700.0|34.994285714285716|181.52599999999998|33.1|0.0|0.0|23.333333333333336|331.25|42.78|40.760000000000005|0.0|food/320/1.jpg|food/320/2.jpg|food/320/3.jpg
마늘쫑장아찌|장아찌.절임류|50.0|1.153846153846154|1.8181818181818181|6.4|2.0653333333333332|3.4999999999999996|2.5|54.242666666666665|1.4000000000000001|0.0|5.833333333333334|1.6666666666666667|0.0|0.75|0.0|0.0|food/63/1.jpg|food/63/2.jpg|food/63/3.jpg
고추장아찌|장아찌.절임류|60.0|1.9084615384615384|2.1636363636363636|9.16|1.8066666666666669|3100.0|2.68|101.03866666666666|1.0|0.0|3.3333333333333335|5.0|0.0|4.52|0.0|0.0|food/321/1.jpg|food/321/2.jpg|food/321/3.jpg
깻잎장아찌|장아찌.절임류|20.0|0.7761538461538461|0.7454545454545454|2.56|2.677333333333333|5300.0|0.2914285714285714|21.145333333333333|0.3|0.0|0.0|1.6666666666666667|13.333333333333334|0.0|0.0|0.0|food/322/1.jpg|food/322/2.jpg|food/322/3.jpg
마늘장아찌|장아찌.절임류|230.0|5.662692307692307|11.181818181818183|22.28|9.447999999999999|13200.0|12.772857142857141|187.428|3.0|0.0|7.5|0.8333333333333334|0.0|21.9|0.0|0.0|food/323/1.jpg|food/323/2.png|food/323/3.jpg
무장아찌|장아찌.절임류|30.0|0.9200986537991538|0.8022050702530509|2.91532|1.1363826989254187|21.587229478977502|1.0171840421258243|58.65367816471473|0.0|0.0|3.0378808534278834|1.5545899969069834|0.0|5.35401736519195|0.012926620492554068|0.0|food/324/1.jpg|food/324/2.jpg|food/324/3.jpg
양념게장|젓갈류|200.0|7.441923076923078|37.18181818181818|37.64|70.74933333333333|25700.0|45.658571428571435|107.20066666666665|32.5|0.0|0.0|25.0|142.08333333333334|44.09|30.77333333333333|0.0|food/325/1.jpg|food/325/2.png|food/325/3.jpg
양파장아찌|장아찌.절임류|50.0|1.5453846153846154|2.381818181818182|2.56|1.1226666666666667|2600.0|3.358571428571429|35.614000000000004|0.8|0.0|0.0|24.166666666666668|0.0|0.43|0.0|0.0|food/326/1.jpg|food/326/2.jpg|food/326/3.jpg
오이지|장아찌.절임류|50.0|0.3976923076923077|0.6727272727272727|5.0|1.4933333333333334|1500.0|1.752857142857143|68.32600000000001|0.4|0.0|5.833333333333334|0.8333333333333334|0.0|0.09|0.0|0.0|food/38/1.jpg|food/38/2.jpg|food/38/3.jpg
무피클|장아찌.절임류|130.0|0.8500000000000001|1.2363636363636366|7.88|2.958666666666667|1800.0|2.067142857142857|16.353333333333335|1.4000000000000001|0.0|0.0|0.0|0.0|0.0|0.0|0.0|food/390/1.jpg|food/390/2.jpg|food/390/3.jpg
오이피클|채소류|100.0|3.5000000000000004|0.6909090909090909|8.4|6.800000000000001|2500.0|0.7142857142857143|69.33333333333334|8.0|0.0|1.3333333333333335|0.8333333333333334|0.0|0.0|0.0|2.0|food/391/1.jpg|food/391/2.jpg|food/391/3.jpg
단무지|장아찌.절임류|30.0|0.145|0.18181818181818182|1.6|0.43866666666666665|300.0|0.48571428571428565|11.036666666666667|0.3|0.0|0.0|0.0|0.0|0.9399999999999998|0.0|0.0|food/39/1.png|food/39/2.jpg|food/39/3.jpg
오징어젓갈|젓갈|100.0|3.923076923076923|24.0|0.0|0.0|0.0|0.0|252.86666666666667|0.0|0.0|0.0|0.0|0.0|0.0|0.0|0.0|food/392/1.jpg|food/392/2.jpg|food/392/3.jpg
명란젓|어패류 및 기타 수산물|100.0|5.1923076923076925|40.69090909090909|0.0|6.0|7200.0|37.57142857142857|148.8|24.8|36.8|46.916666666666664|23.916666666666668|432.08333333333326|68.26|81.86|6.25|food/393/1.jpg|food/393/2.jpg|food/393/3.jpg
물회|회류|700.0|20.36|62.54545454545454|60.4|28.281333333333336|18.8|66.20428571428572|139.72666666666666|21.7|0.0|35.0|18.333333333333336|0.0|3.04|40.08666666666667|0.0|food/40/1.jpg|food/40/2.jpg|food/40/3.jpg
생선물회|회류|800.0|22.229615384615386|62.36363636363635|44.8|24.79333333333333|25.8|67.75285714285714|185.316|18.0|0.0|13.333333333333334|16.666666666666668|179.58333333333331|16.04|33.959999999999994|0.0|food/327/1.jpg|food/327/2.jpg|food/327/3.jpg
오징어물회|어패류무침|700.0|13.068846153846156|78.72727272727272|43.04|6.509333333333334|8500.0|97.79857142857144|170.09866666666667|40.7|0.0|36.66666666666667|16.666666666666668|350.00000000000006|48.24|159.33666666666667|0.0|food/328/1.jpg|food/328/2.jpg|food/328/3.jpg
광어회|어패류 및 기타 수산물|100.0|4.807692307692308|40.654545454545456|0.0|8.133333333333333|4500.0|39.14285714285714|3.266666666666666|5.2|86.4|7.5|10.0|44.16666666666667|0.0|13.819999999999999|2.5|food/394/1.jpg|food/394/2.jpg|food/394/3.jpg
훈제연어|어패류 및 기타 수산물|100.0|8.038461538461538|42.69090909090909|0.0|1.4666666666666666|3200.0|38.285714285714285|29.533333333333335|4.3|112.4|34.333333333333336|3.166666666666667|111.66666666666667|2.35|14.773333333333333|1.7500000000000002|food/395/1.jpg|food/395/2.jpg|food/395/3.jpg
육회|회류|150.0|7.502307692307693|27.090909090909093|39.48|2.476|20600.0|23.392857142857142|41.800666666666665|34.8|0.0|0.0|13.333333333333334|17.5|4.76|14.046666666666665|0.0|food/366/1.jpg|food/366/2.jpeg|food/366/3.jpg
육사시미|육류|100.0|6.5769230769230775|37.45454545454546|0.0|6.4|0.0|27.0|3.2|0.0|0.0|4.166666666666667|30.0|0.0|0.0|0.0|0.0|food/396/1.png|food/396/2.jpg|food/396/3.jpg
가래떡|떡류|100.0|7.506153846153846|7.127272727272727|2.44|0.6906666666666667|2500.0|6.097142857142857|16.038|5.6000000000000005|0.0|0.0|1.6666666666666667|0.0|0.0|0.0|0.0|food/329/1.jpg|food/329/2.jpg|food/329/3.jpg
경단|떡류|100.0|9.227692307692308|11.41818181818182|18.28|23.718666666666664|8400.0|14.904285714285715|13.524666666666668|14.099999999999998|0.0|0.0|1.6666666666666667|0.0|0.0|0.0|0.0|food/64/1.jpg|food/64/2.jpg|food/64/3.jpg
꿀떡|떡류|100.0|8.787692307692307|6.800000000000001|3.2|2.046666666666667|3600.0|7.39|18.338666666666665|6.2|0.0|0.8333333333333334|0.8333333333333334|0.0|0.0|0.0|0.0|food/330/1.png|food/330/2.jpg|food/330/3.jpg
시루떡|떡류|100.0|8.364645624422423|9.937403832720745|17.6|2.4187822856090535|63.125514710250194|12.522087875848944|18.527156252739204|0.0|0.0|11.90942828103025|6.52862197409145|0.0|0.0120666666666667|0.0|0.0|food/41/1.jpg|food/41/2.jpg|food/41/3.jpg
메밀전병|곡류 및 서류|100.0|6.45487653992523|11.245396849563601|14.13905846781372|4.751475516323054|11.9042205918871|12.469679657254515|23.05364913316313|8.6|0.0|9.729255906820416|2.8220985318105503|0.0|1.7100849750613303|2.6830631782050833|0.0|food/331/1.jpg|food/331/2.jpg|food/331/3.jpg
찰떡|떡류|100.0|8.39076923076923|12.327272727272728|15.079999999999998|2.5839999999999996|7500.0|13.0|12.522|10.100000000000001|0.0|0.0|14.16666666666667|0.0|1.8500000000000003|0.0|0.0|food/65/1.jpg|food/65/2.jpg|food/65/3.jpg
무지개떡|떡류|100.0|8.806701632073922|6.4186233796189995|0.8365666666666681|1.2947753394703065|13.6228043098394|5.824646010807271|18.4548860411164|0.0|0.0|3.1499978245865665|3.0107559577383665|0.0|0.0991080277502478|0.0|0.0|food/332/1.jpg|food/332/2.png|food/332/3.png
백설기|떡류|100.0|8.826923076923077|6.745454545454545|7.88|0.8026666666666666|800.0|5.1000000000000005|14.06|5.1000000000000005|0.0|0.0|2.5|0.0|0.0|0.0|0.0|food/333/1.jpg|food/333/2.jpg|food/333/3.jpg
송편|떡류|100.0|8.423461538461538|8.454545454545455|17.52|12.830666666666668|4600.0|9.268571428571427|17.316666666666666|9.5|0.0|25.833333333333336|0.8333333333333334|0.0|0.0|0.0|0.0|food/66/1.png|food/66/2.jpg|food/66/3.jpg
수수부꾸미|곡류 및 서류|100.0|9.534321640453348|10.416600378787873|31.799|2.2990341349853067|13.0875204550194|15.908871584949145|17.4001205973094|8.5|0.0|9.705651590624834|2.649705989212425|0.0|0.0|0.0|0.0|food/334/1.jpg|food/334/2.jpg|food/334/3.jpg
수수팥떡|떡류|100.0|7.855429127086692|12.175230113636363|34.55856895593528|2.804590350587987|16.9294590420601|16.759098847532712|16.128415169466667|8.399999999999999|0.0|4.750685870015841|1.5589596790800502|0.0|0.0|0.0|0.0|food/335/1.jpg|food/335/2.jpg|food/335/3.jpg
쑥떡|떡류|100.0|9.562873379170691|6.107762615131581|9.7884|2.22301178114992|6.4402073142321505|5.890371435152715|16.95464268515027|6.0|0.0|0.6985762173387333|0.0|0.0|0.0|0.0|0.0|food/42/1.jpg|food/42/2.jpg|food/42/3.jpg
약식|곡류 및 서류|100.0|8.456538461538461|7.654545454545454|10.52|1.7840000000000003|3300.0|6.2057142857142855|14.745333333333333|8.2|0.0|0.0|0.8333333333333334|0.0|0.0|0.0|0.0|food/336/1.jpg|food/336/2.jpg|food/336/3.jpg
인절미|떡류|100.0|9.317692307692308|10.254545454545454|11.56|2.1893333333333334|4000.0|8.741428571428571|19.788|10.0|0.0|0.0|2.5|0.0|2.99|0.0|0.0|food/43/1.jpg|food/43/2.jpg|food/43/3.jpg
절편|떡류|100.0|7.41870949293123|6.621839276156363|1.7399666666666682|1.283160603330316|25.1877364305756|5.5873600417563996|17.724461817927796|0.0|0.0|1.217209234610925|0.3750115105391417|0.0|0.641244794565819|0.01075|0.0|food/44/1.jpg|food/44/2.jpg|food/44/3.jpg
증편|떡류|100.0|7.6961538461538455|5.763636363636364|4.12|1.284|1000.0|5.4399999999999995|18.93|5.8|0.0|0.0|4.166666666666667|0.0|0.0|0.0|0.0|food/337/1.jpg|food/337/2.jpg|food/337/3.jpg
찹쌀떡|떡류|100.0|10.64868521882877|5.9355254834684175|5.65753333333332|1.6003183050715064|36.3615053616474|5.843473221781458|15.040662685633935|0.0|0.0|2.469861165460492|0.22676541921301668|0.0|0.0|0.0|0.0|food/367/1.jpg|food/367/2.jpg|food/367/3.jpg
매작과|한과류|30.0|4.7638859909302305|4.097764229403418|3.3001349891259206|1.33913039292184|2.02012936590165|3.2836970121641857|1.9888071708443664|1.6|0.0|1.7369059473694504|0.2890753888261834|0.0|0.0|3.3418072093041|0.0|food/338/1.jpg|food/338/2.jpg|food/338/3.jpg
다식|한과류|30.0|4.262559318548077|4.525726831458927|10.51826463104324|5.546867313379213|10.4296096181173|6.7764069959222715|0.26957851299121866|3.6999999999999997|0.0|5.105804538496075|1.8621059189772087|0.0|0.0|0.0|0.0|food/339/1.jpg|food/339/2.jpg|food/339/3.jpg
약과|한과류|30.0|4.605041677304961|2.288627152100982|6.406771368960159|0.49865412149832533|2.1928242871744|2.8517047964398854|1.1460324942791735|1.6|0.0|3.1686967253384504|0.24032218243455|0.0|0.0|0.0|0.0|food/340/1.jpg|food/340/2.jpg|food/340/3.jpg
유과|한과류|30.0|4.8881161621917695|1.5308618196225328|1.362842659923876|2.328474266706987|1.44017634022638|2.6676082552162144|0.45617369216812803|1.4000000000000001|0.0|0.0|0.46444823321803336|0.0|0.0|0.0|0.0|food/341/1.jpg|food/341/2.jpg|food/341/3.jpg
산자|한과류|30.0|4.219663736547385|1.2594023181818184|0.562411540808604|0.22910973871733997|1.16480760095012|1.26224177129284|0.45732549485352336|1.0|0.0|0.0|0.0|0.0|0.0301676441647218|0.0|0.0|food/342/1.jpg|food/342/2.jpg|food/342/3.jpg
깨강정|한과류|200.0|39.11538461538461|0.0|0.0|0.0|0.0|0.0|0.26666666666666666|0.0|0.0|0.0|0.0|0.0|0.0|0.0|0.0|food/397/1.jpg|food/397/2.jpg|food/397/3.jpg
매작과|한과류|30.0|4.7638859909302305|4.097764229403418|3.3001349891259206|1.33913039292184|2.02012936590165|3.2836970121641857|1.9888071708443664|1.6|0.0|1.7369059473694504|0.2890753888261834|0.0|0.0|3.3418072093041|0.0|food/338/1.jpg|food/338/2.jpg|food/338/3.jpg
